,SNP,Gene,chr,start,end,width,strand,Distance1,Diatance2
29,NsiI.TP150122,,NA,NA,NA,NA,NA,,
30,NsiI.TP159883,,NA,NA,NA,NA,NA,,
47,NsiI.TP182487,,NA,NA,NA,NA,NA,,
48,NsiI.TP191037,,NA,NA,NA,NA,NA,,
65,NsiI.TP2469,,NA,NA,NA,NA,NA,,
80,NsiI.TP422621,,NA,NA,NA,NA,NA,,
127,NsiI.TP476303,,NA,NA,NA,NA,NA,,
161,NsiI.TP60110,,NA,NA,NA,NA,NA,,
193,NsiI.TP732055,,NA,NA,NA,NA,NA,,
194,NsiI.TP744543,,NA,NA,NA,NA,NA,,
237,PstI.TP1099377,,NA,NA,NA,NA,NA,,
272,PstI.TP1250222,,NA,NA,NA,NA,NA,,
276,PstI.TP1275729,,NA,NA,NA,NA,NA,,
277,PstI.TP1286748,,NA,NA,NA,NA,NA,,
283,PstI.TP141494,,NA,NA,NA,NA,NA,,
291,PstI.TP207713,,NA,NA,NA,NA,NA,,
294,PstI.TP244587,,NA,NA,NA,NA,NA,,
328,PstI.TP334601,,NA,NA,NA,NA,NA,,
329,PstI.TP349163,,NA,NA,NA,NA,NA,,
332,PstI.TP373577,,NA,NA,NA,NA,NA,,
363,PstI.TP437620,,NA,NA,NA,NA,NA,,
417,PstI.TP702483,,NA,NA,NA,NA,NA,,
450,PstI.TP836173,,NA,NA,NA,NA,NA,,
458,PstI.TP949022,,NA,NA,NA,NA,NA,,
1,GFSSContig17769_257,Sobic.003G106000,Chr03,9610191,9615113,4923,+,6652,-11574
2,GFSSContig17769_257,Sobic.003G105900,Chr03,9602593,9609797,7205,-,-946,-6258
3,GFSSContig17769_257,Sobic.003G105900,Chr03,9602593,9609797,7205,-,-946,-6258
4,GFSSContig7996_485,Sobic.006G188800,Chr06,54331337,54333531,2195,+,-1376,-818
5,NsiI.TP101365,Sobic.010G246900,Chr10,58700687,58703971,3285,+,-6975,3691
6,NsiI.TP101365,Sobic.010G246900,Chr10,58700687,58703971,3285,+,-6975,3691
7,NsiI.TP101365,Sobic.010G246900,Chr10,58700687,58703975,3289,+,-6975,3687
8,NsiI.TP101365,Sobic.010G246900,Chr10,58700687,58703975,3289,+,-6975,3687
9,NsiI.TP101365,Sobic.010G246900,Chr10,58700687,58703977,3291,+,-6975,3685
10,NsiI.TP101365,Sobic.010G246900,Chr10,58700687,58703977,3291,+,-6975,3685
11,NsiI.TP101365,Sobic.010G247000,Chr10,58709632,58711758,2127,+,1970,-4096
12,NsiI.TP101365,Sobic.010G246800,Chr10,58698237,58698965,729,-,-9425,8697
13,NsiI.TP101365,Sobic.010G247100,Chr10,58712018,58714104,2087,-,4356,-6442
14,NsiI.TP111617,Sobic.005G146533,Chr05,61359556,61363324,3769,-,-12145,8377
15,NsiI.TP111617,Sobic.005G146666,Chr05,61376754,61380936,4183,-,5053,-9235
16,NsiI.TP127610,Sobic.001G408900,Chr01,69269305,69272122,2818,+,-12727,9910
17,NsiI.TP127610,Sobic.001G409000,Chr01,69273278,69274344,1067,+,-8754,7688
18,NsiI.TP127610,Sobic.001G409200,Chr01,69289989,69291418,1430,+,7957,-9386
19,NsiI.TP127610,Sobic.001G409100,Chr01,69274318,69279345,5028,-,-7714,2687
20,NsiI.TP128483,Sobic.010G254401,Chr10,59314161,59315373,1213,-,5286,-6498
21,NsiI.TP128483,Sobic.010G254200,Chr10,59294356,59299852,5497,-,-14519,9023
22,NsiI.TP128483,Sobic.010G254200,Chr10,59294663,59299852,5190,-,-14212,9023
23,NsiI.TP128483,Sobic.010G254300,Chr10,59308285,59312489,4205,+,-590,-3614
24,NsiI.TP129565,Sobic.009G111200,Chr09,44785084,44786853,1770,+,-1009,-760
25,NsiI.TP129565,Sobic.009G111301,Chr09,44790435,44791232,798,+,4342,-5139
26,NsiI.TP129565,Sobic.009G111400,Chr09,44791313,44800404,9092,+,5220,-14311
27,NsiI.TP129565,Sobic.009G111400,Chr09,44791313,44800404,9092,+,5220,-14311
28,NsiI.TP129565,Sobic.009G111400,Chr09,44791497,44800404,8908,+,5404,-14311
31,NsiI.TP164112,Sobic.002G408800,Chr02,75760984,75765627,4644,+,-13053,8410
32,NsiI.TP164112,Sobic.002G408900,Chr02,75766505,75771713,5209,-,-7532,2324
33,NsiI.TP164112,Sobic.002G408900,Chr02,75766505,75771713,5209,-,-7532,2324
34,NsiI.TP164112,Sobic.002G408900,Chr02,75766505,75771713,5209,-,-7532,2324
35,NsiI.TP164112,Sobic.002G408900,Chr02,75766505,75771713,5209,-,-7532,2324
36,NsiI.TP164112,Sobic.002G409000,Chr02,75773614,75775575,1962,-,-423,-1538
37,NsiI.TP164112,Sobic.002G409100,Chr02,75779345,75779904,560,-,5308,-5867
38,NsiI.TP164112,Sobic.002G409200,Chr02,75780712,75784318,3607,-,6675,-10281
39,NsiI.TP164112,Sobic.002G409200,Chr02,75780712,75784318,3607,-,6675,-10281
40,NsiI.TP169382,Sobic.009G211200,Chr09,55730349,55734639,4291,+,-6831,2541
41,NsiI.TP169382,Sobic.009G211300,Chr09,55735728,55741894,6167,+,-1452,-4714
42,NsiI.TP169382,Sobic.009G211300,Chr09,55736890,55741725,4836,+,-290,-4545
43,NsiI.TP169382,Sobic.009G211300,Chr09,55736890,55741887,4998,+,-290,-4707
44,NsiI.TP169382,Sobic.009G211300,Chr09,55736890,55741888,4999,+,-290,-4708
45,NsiI.TP169382,Sobic.009G211100,Chr09,55725196,55729572,4377,-,-11984,7608
46,NsiI.TP169382,Sobic.009G211400,Chr09,55743119,55748514,5396,-,5939,-11334
49,NsiI.TP195995,Sobic.002G307900,Chr02,68228301,68230517,2217,-,530,-2746
50,NsiI.TP195995,Sobic.002G308000,Chr02,68230609,68234478,3870,-,2838,-6707
51,NsiI.TP204910,Sobic.002G276800,Chr02,65958977,65962368,3392,+,-6793,3402
52,NsiI.TP204910,Sobic.002G276900,Chr02,65966085,65970564,4480,+,315,-4794
53,NsiI.TP204910,Sobic.002G277000,Chr02,65971126,65971560,435,+,5356,-5790
54,NsiI.TP204910,Sobic.002G277100,Chr02,65971938,65975798,3861,-,6168,-10028
55,NsiI.TP208625,Sobic.008G107500,Chr08,50603514,50609969,6456,+,-3198,-3257
56,NsiI.TP208625,Sobic.008G107600,Chr08,50610901,50613264,2364,-,4189,-6552
57,NsiI.TP208625,Sobic.008G107800,Chr08,50616202,50620205,4004,-,9490,-13493
58,NsiI.TP224586,Sobic.003G046300,Chr03,4229020,4237524,8505,-,-14432,5928
59,NsiI.TP224586,Sobic.003G046400,Chr03,4238060,4248215,10156,-,-5392,-4763
60,NsiI.TP224586,Sobic.003G046400,Chr03,4238060,4248215,10156,-,-5392,-4763
61,NsiI.TP224586,Sobic.003G046400,Chr03,4238060,4248215,10156,-,-5392,-4763
62,NsiI.TP228522,Sobic.010G092550,Chr10,8186923,8190629,3707,+,-10996,7290
63,NsiI.TP228522,Sobic.010G092600,Chr10,8195416,8200323,4908,-,-2503,-2404
64,NsiI.TP241500,Sobic.001G397600,Chr01,68291785,68294851,3067,+,-10068,7002
66,NsiI.TP299143,Sobic.010G083700,Chr10,7138579,7147096,8518,-,-9066,549
67,NsiI.TP299143,Sobic.010G083900,Chr10,7149116,7158566,9451,-,1471,-10921
68,NsiI.TP349989,Sobic.009G000200,Chr09,45063,50274,5212,+,-3075,-2136
69,NsiI.TP349989,Sobic.009G000300,Chr09,54111,58498,4388,-,5973,-10360
70,NsiI.TP360999,Sobic.001G132800,Chr01,10464458,10469295,4838,-,-1285,-3552
71,NsiI.TP360999,Sobic.001G132900,Chr01,10471579,10477906,6328,-,5836,-12163
72,NsiI.TP408031,Sobic.002G359600,Chr02,72180189,72188126,7938,+,-13056,5119
73,NsiI.TP408031,Sobic.002G359700,Chr02,72192356,72193761,1406,+,-889,-516
74,NsiI.TP422411,Sobic.003G399101,Chr03,70823990,70825135,1146,+,-8272,7127
75,NsiI.TP422411,Sobic.003G399200,Chr03,70833427,70836457,3031,+,1165,-4195
76,NsiI.TP422411,Sobic.003G399000,Chr03,70819204,70823721,4518,-,-13058,8541
77,NsiI.TP422411,Sobic.003G399000,Chr03,70822093,70823929,1837,-,-10169,8333
78,NsiI.TP422411,Sobic.003G399266,Chr03,70837534,70837807,274,-,5272,-5545
79,NsiI.TP422411,Sobic.003G399100,Chr03,70838766,70841473,2708,-,6504,-9211
81,NsiI.TP424080,Sobic.008G187450,Chr08,62205130,62206641,1512,+,-5782,4271
82,NsiI.TP424080,Sobic.008G187566,Chr08,62209984,62211116,1133,+,-928,-204
83,NsiI.TP424080,Sobic.008G187400,Chr08,62193789,62201413,7625,-,-17123,9499
84,NsiI.TP424080,Sobic.008G187400,Chr08,62199421,62201413,1993,-,-11491,9499
85,NsiI.TP424080,Sobic.008G187500,Chr08,62206984,62207628,645,-,-3928,3284
86,NsiI.TP424080,Sobic.008G187632,Chr08,62212099,62214380,2282,-,1187,-3468
87,NsiI.TP424080,Sobic.008G187700,Chr08,62220131,62220595,465,-,9219,-9683
88,NsiI.TP424080,Sobic.008G187400,Chr08,62193789,62201413,7625,-,-17123,9499
89,NsiI.TP424080,Sobic.008G187400,Chr08,62199421,62201413,1993,-,-11491,9499
90,NsiI.TP424080,Sobic.008G187450,Chr08,62205130,62206641,1512,+,-5782,4271
91,NsiI.TP424080,Sobic.008G187566,Chr08,62209984,62211116,1133,+,-928,-204
92,NsiI.TP424080,Sobic.008G187700,Chr08,62220131,62220595,465,-,9219,-9683
93,NsiI.TP424080,Sobic.008G187500,Chr08,62206984,62207628,645,-,-3928,3284
94,NsiI.TP424080,Sobic.008G187632,Chr08,62212099,62214380,2282,-,1187,-3468
95,NsiI.TP424080,Sobic.008G187450,Chr08,62205130,62206641,1512,+,-5782,4271
96,NsiI.TP424080,Sobic.008G187566,Chr08,62209984,62211116,1133,+,-928,-204
97,NsiI.TP424080,Sobic.008G187400,Chr08,62193789,62201413,7625,-,-17123,9499
98,NsiI.TP424080,Sobic.008G187400,Chr08,62199421,62201413,1993,-,-11491,9499
99,NsiI.TP424080,Sobic.008G187500,Chr08,62206984,62207628,645,-,-3928,3284
100,NsiI.TP424080,Sobic.008G187632,Chr08,62212099,62214380,2282,-,1187,-3468
101,NsiI.TP424080,Sobic.008G187700,Chr08,62220131,62220595,465,-,9219,-9683
102,NsiI.TP424080,Sobic.008G187400,Chr08,62193789,62201413,7625,-,-17123,9499
103,NsiI.TP424080,Sobic.008G187400,Chr08,62199421,62201413,1993,-,-11491,9499
104,NsiI.TP424080,Sobic.008G187450,Chr08,62205130,62206641,1512,+,-5782,4271
105,NsiI.TP424080,Sobic.008G187566,Chr08,62209984,62211116,1133,+,-928,-204
106,NsiI.TP424080,Sobic.008G187700,Chr08,62220131,62220595,465,-,9219,-9683
107,NsiI.TP424080,Sobic.008G187500,Chr08,62206984,62207628,645,-,-3928,3284
108,NsiI.TP424080,Sobic.008G187632,Chr08,62212099,62214380,2282,-,1187,-3468
109,NsiI.TP440500,Sobic.009G259500,Chr09,59288607,59293583,4977,-,-10848,5872
110,NsiI.TP440500,Sobic.009G259600,Chr09,59299077,59301445,2369,+,-378,-1990
111,NsiI.TP440500,Sobic.009G259700,Chr09,59302171,59303677,1507,-,2716,-4222
112,NsiI.TP440500,Sobic.009G259500,Chr09,59288607,59293583,4977,-,-10848,5872
113,NsiI.TP440500,Sobic.009G259500,Chr09,59288607,59293583,4977,-,-10848,5872
114,NsiI.TP444479,Sobic.002G326200,Chr02,69610553,69613401,2849,+,-9849,7001
115,NsiI.TP444479,Sobic.002G326300,Chr02,69616465,69617511,1047,+,-3937,2891
116,NsiI.TP444479,Sobic.002G326400,Chr02,69620241,69623720,3480,+,-161,-3318
117,NsiI.TP460633,Sobic.004G280301,Chr04,62258710,62260788,2079,-,-7608,5530
118,NsiI.TP460633,Sobic.004G280301,Chr04,62259142,62260788,1647,-,-7176,5530
119,NsiI.TP460633,Sobic.004G280200,Chr04,62255058,62258612,3555,-,-11260,7706
120,NsiI.TP460633,Sobic.004G280401,Chr04,62263945,62264886,942,-,-2373,1432
121,NsiI.TP468343,Sobic.003G390800,Chr03,70178275,70185159,6885,+,-9721,2837
122,NsiI.TP468343,Sobic.003G390800,Chr03,70178100,70185099,7000,+,-9896,2897
123,NsiI.TP468343,Sobic.003G390800,Chr03,70178100,70186589,8490,+,-9896,1407
124,NsiI.TP468343,Sobic.003G390800,Chr03,70178505,70185159,6655,+,-9491,2837
125,NsiI.TP474172,Sobic.001G335100,Chr01,62383516,62385906,2391,+,7385,-9775
126,NsiI.TP474172,Sobic.001G335000,Chr01,62373931,62381301,7371,+,-2200,-5170
128,NsiI.TP486731,Sobic.002G414150,Chr02,76151057,76155877,4821,+,-12040,7220
129,NsiI.TP486731,Sobic.002G414300,Chr02,76158630,76160629,2000,+,-4467,2468
130,NsiI.TP486731,Sobic.002G414400,Chr02,76165885,76169873,3989,-,2788,-6776
131,NsiI.TP487417,Sobic.002G140500,Chr02,22483679,22484240,562,+,1076,-1637
132,NsiI.TP487417,Sobic.002G140700,Chr02,22491963,22504186,12224,+,9360,-21583
133,NsiI.TP487417,Sobic.002G140400,Chr02,22482460,22483405,946,+,-143,-802
134,NsiI.TP487417,Sobic.002G140700,Chr02,22491963,22504186,12224,+,9360,-21583
135,NsiI.TP487417,Sobic.002G140600,Chr02,22484413,22489881,5469,-,1810,-7278
136,NsiI.TP501941,Sobic.003G328700,Chr03,65405997,65408752,2756,-,-7141,4386
137,NsiI.TP501941,Sobic.003G328800,Chr03,65410780,65414721,3942,+,-2358,-1583
138,NsiI.TP501941,Sobic.003G328700,Chr03,65405997,65408752,2756,-,-7141,4386
139,NsiI.TP501941,Sobic.003G328900,Chr03,65414383,65417430,3048,-,1245,-4292
140,NsiI.TP501941,Sobic.003G329000,Chr03,65420017,65423158,3142,-,6879,-10020
141,NsiI.TP501941,Sobic.003G329000,Chr03,65420017,65424099,4083,-,6879,-10961
142,NsiI.TP504649,Sobic.004G339900,Chr04,67170234,67175475,5242,-,-7449,2208
143,NsiI.TP504649,Sobic.004G340000,Chr04,67181047,67182283,1237,+,3364,-4600
144,NsiI.TP504649,Sobic.004G339900,Chr04,67170234,67175084,4851,-,-7449,2599
145,NsiI.TP512189,Sobic.003G285300,Chr03,61875027,61876644,1618,+,-10755,9138
146,NsiI.TP512189,Sobic.003G285500,Chr03,61880213,61882652,2440,-,-5569,3130
147,NsiI.TP512189,Sobic.003G285700,Chr03,61889763,61895885,6123,-,3981,-10103
148,NsiI.TP512189,Sobic.003G285400,Chr03,61876934,61877828,895,+,-8848,7954
149,NsiI.TP512189,Sobic.003G285600,Chr03,61881940,61888207,6268,+,-3842,-2425
150,NsiI.TP512189,Sobic.003G285700,Chr03,61889763,61895885,6123,-,3981,-10103
151,NsiI.TP523625,Sobic.004G283900,Chr04,62617908,62622646,4739,+,6055,-10793
152,NsiI.TP523625,Sobic.004G283800,Chr04,62599054,62603155,4102,+,-12799,8698
153,NsiI.TP554032,Sobic.003G186900,Chr03,50552617,50560653,8037,-,-10807,2771
154,NsiI.TP554032,Sobic.003G186900,Chr03,50552617,50560653,8037,-,-10807,2771
155,NsiI.TP554032,Sobic.003G186900,Chr03,50552617,50560653,8037,-,-10807,2771
156,NsiI.TP554032,Sobic.003G186900,Chr03,50552617,50560653,8037,-,-10807,2771
157,NsiI.TP554032,Sobic.003G187000,Chr03,50563518,50564817,1300,+,94,-1393
158,NsiI.TP58591,Sobic.001G140200,Chr01,11185282,11192665,7384,+,-13151,5768
159,NsiI.TP58591,Sobic.001G140400,Chr01,11202700,11203741,1042,+,4267,-5308
160,NsiI.TP58591,Sobic.001G140300,Chr01,11195137,11198205,3069,-,-3296,228
162,NsiI.TP614629,Sobic.002G233200,Chr02,62408042,62409044,1003,+,-9714,8712
163,NsiI.TP614629,Sobic.002G233400,Chr02,62417242,62418471,1230,+,-514,-715
164,NsiI.TP614629,Sobic.002G233500,Chr02,62421423,62422382,960,+,3667,-4626
165,NsiI.TP614629,Sobic.002G233300,Chr02,62413060,62414511,1452,+,-4696,3245
166,NsiI.TP614629,Sobic.002G233400,Chr02,62417242,62418471,1230,+,-514,-715
167,NsiI.TP624872,Sobic.004G259200,Chr04,60460359,60464051,3693,-,4584,-8276
168,NsiI.TP624872,Sobic.004G259200,Chr04,60460359,60463736,3378,-,4584,-7961
169,NsiI.TP624872,Sobic.004G259101,Chr04,60439416,60456664,17249,-,-16359,-889
170,NsiI.TP640755,Sobic.002G124832,Chr02,16858710,16859748,1039,-,7929,-8967
171,NsiI.TP640755,Sobic.002G124766,Chr02,16850723,16851559,837,+,-58,-778
172,NsiI.TP640755,Sobic.002G124700,Chr02,16844700,16848362,3663,-,-6081,2419
173,NsiI.TP641200,Sobic.001G040900,Chr01,3050241,3051916,1676,+,-927,-748
174,NsiI.TP641200,Sobic.001G041000,Chr01,3053758,3055583,1826,+,2590,-4415
175,NsiI.TP641200,Sobic.001G041100,Chr01,3055765,3057351,1587,-,4597,-6183
176,NsiI.TP641200,Sobic.001G041200,Chr01,3057449,3061041,3593,+,6281,-9873
177,NsiI.TP641200,Sobic.001G040800,Chr01,3040202,3042981,2780,-,-10966,8187
178,NsiI.TP671324,Sobic.004G027000,Chr04,2156770,2160056,3287,+,-4571,1285
179,NsiI.TP671324,Sobic.004G026900,Chr04,2150777,2154481,3705,+,-10564,6860
180,NsiI.TP671324,Sobic.004G027000,Chr04,2157017,2160057,3041,+,-4324,1284
181,NsiI.TP671324,Sobic.004G027150,Chr04,2166090,2168304,2215,+,4749,-6963
182,NsiI.TP671324,Sobic.004G027100,Chr04,2161035,2164714,3680,-,-306,-3373
183,NsiI.TP678261,Sobic.008G133000,Chr08,55966822,55967178,357,+,-426,70
184,NsiI.TP678261,Sobic.008G133100,Chr08,55967541,55971627,4087,-,293,-4379
185,NsiI.TP702393,Sobic.007G131900,Chr07,54887449,54891358,3910,-,-11794,7885
186,NsiI.TP702393,Sobic.007G131900,Chr07,54887449,54891358,3910,-,-11794,7885
187,NsiI.TP702393,Sobic.007G131950,Chr07,54907011,54910266,3256,-,7768,-11023
188,NsiI.TP718157,Sobic.003G097900,Chr03,8626250,8627845,1596,-,-5766,4171
189,NsiI.TP718157,Sobic.003G097900,Chr03,8626250,8627845,1596,-,-5766,4171
190,NsiI.TP724799,Sobic.004G353400,Chr04,68146887,68152858,5972,-,821,-6792
191,NsiI.TP724799,Sobic.004G353300,Chr04,68140107,68146286,6180,+,-5959,-220
192,NsiI.TP724799,Sobic.004G353200,Chr04,68135946,68140167,4222,-,-10120,5899
195,NsiI.TP756808,Sobic.010G261800,Chr10,59837462,59842467,5006,-,-11308,6303
196,NsiI.TP756808,Sobic.010G262000,Chr10,59851073,59853622,2550,-,2303,-4852
197,NsiI.TP756808,Sobic.010G261900,Chr10,59847394,59851087,3694,+,-1376,-2317
198,NsiI.TP756808,Sobic.010G262100,Chr10,59857228,59860319,3092,-,8458,-11549
199,NsiI.TP806172,Sobic.002G198900,Chr02,58868402,58870315,1914,+,-3296,1383
200,NsiI.TP806172,Sobic.002G198801,Chr02,58865231,58866497,1267,-,-6467,5201
201,NsiI.TP806172,Sobic.002G199000,Chr02,58871181,58873698,2518,-,-517,-2000
202,NsiI.TP806172,Sobic.002G199100,Chr02,58875360,58879640,4281,-,3662,-7942
203,NsiI.TP806172,Sobic.002G199000,Chr02,58871181,58873394,2214,-,-517,-1696
204,NsiI.TP806172,Sobic.002G198700,Chr02,58863058,58865144,2087,+,-8640,6554
205,NsiI.TP806172,Sobic.002G198700,Chr02,58863482,58865144,1663,+,-8216,6554
206,PstI.TP1000873,Sobic.007G144300,Chr07,57424956,57428879,3924,+,-1532,-2391
207,PstI.TP1000873,Sobic.007G144400,Chr07,57436275,57437516,1242,+,9787,-11028
208,PstI.TP1009084,Sobic.008G041000,Chr08,3967280,3978791,11512,+,-10756,-755
209,PstI.TP1009084,Sobic.008G041100,Chr08,3974205,3975994,1790,-,-3831,2042
210,PstI.TP1010623,Sobic.003G029600,Chr03,2602291,2608868,6578,+,-1553,-5024
211,PstI.TP1010623,Sobic.003G029700,Chr03,2611997,2619784,7788,+,8153,-15940
212,PstI.TP1010623,Sobic.003G029500,Chr03,2595830,2599790,3961,-,-8014,4054
213,PstI.TP1014707,Sobic.001G322200,Chr01,60953355,60956030,2676,-,3739,-6414
214,PstI.TP1014707,Sobic.001G322100,Chr01,60947692,60949767,2076,-,-1924,-151
215,PstI.TP1014707,Sobic.001G321900,Chr01,60935360,60939904,4545,+,-14256,9712
216,PstI.TP1014707,Sobic.001G322000,Chr01,60943550,60947681,4132,+,-6066,1935
217,PstI.TP1040489,Sobic.004G061400,Chr04,4933922,4963814,29893,-,1139,-31031
218,PstI.TP1075817,Sobic.001G128300,Chr01,10096139,10108071,11933,+,-21035,9103
219,PstI.TP1075817,Sobic.001G128500,Chr01,10112591,10116997,4407,-,-4583,177
220,PstI.TP1075817,Sobic.001G128300,Chr01,10096139,10108081,11943,+,-21035,9093
221,PstI.TP1075817,Sobic.001G128400,Chr01,10108298,10111086,2789,+,-8876,6088
222,PstI.TP1075817,Sobic.001G128800,Chr01,10123501,10125087,1587,+,6327,-7913
223,PstI.TP1075817,Sobic.001G128600,Chr01,10117307,10121437,4131,-,133,-4263
224,PstI.TP1084308,Sobic.004G143475,Chr04,42679459,42767795,88337,-,-73440,-14896
225,PstI.TP108989,Sobic.001G034050,Chr01,2582310,2582832,523,-,-6483,5961
226,PstI.TP108989,Sobic.001G034100,Chr01,2587306,2590571,3266,+,-1487,-1778
227,PstI.TP108989,Sobic.001G034200,Chr01,2592125,2595232,3108,+,3332,-6439
228,PstI.TP1094695,Sobic.001G383800,Chr01,67122589,67126203,3615,+,-12472,8858
229,PstI.TP1094695,Sobic.001G384000,Chr01,67138883,67145110,6228,+,3822,-10049
230,PstI.TP1094695,Sobic.001G384100,Chr01,67144358,67148346,3989,-,9297,-13285
231,PstI.TP1094695,Sobic.001G384000,Chr01,67138883,67145110,6228,+,3822,-10049
232,PstI.TP1094695,Sobic.001G383900,Chr01,67126297,67128683,2387,-,-8764,6378
233,PstI.TP1098875,Sobic.004G339700,Chr04,67150584,67154153,3570,+,-5639,2070
234,PstI.TP1098875,Sobic.004G339600,Chr04,67143061,67147706,4646,+,-13162,8517
235,PstI.TP1098875,Sobic.004G339800,Chr04,67154250,67159910,5661,-,-1973,-3687
236,PstI.TP1098875,Sobic.004G339800,Chr04,67154647,67159910,5264,-,-1576,-3687
238,PstI.TP1102210,Sobic.006G203400,Chr06,55407501,55411315,3815,-,2182,-5996
239,PstI.TP1102210,Sobic.006G203300,Chr06,55400976,55405685,4710,-,-4343,-366
240,PstI.TP110898,Sobic.010G104800,Chr10,9868809,9873508,4700,-,-12034,7335
241,PstI.TP110898,Sobic.010G104900,Chr10,9875884,9881144,5261,-,-4959,-301
242,PstI.TP110898,Sobic.010G104900,Chr10,9876675,9881144,4470,-,-4168,-301
243,PstI.TP110898,Sobic.010G104900,Chr10,9875884,9881144,5261,-,-4959,-301
244,PstI.TP110898,Sobic.010G104900,Chr10,9875884,9881144,5261,-,-4959,-301
245,PstI.TP110898,Sobic.010G105000,Chr10,9886926,9890083,3158,-,6083,-9240
246,PstI.TP1151255,Sobic.001G503700,Chr01,77213840,77216087,2248,+,723,-2970
247,PstI.TP1151255,Sobic.001G503700,Chr01,77213840,77216970,3131,+,723,-3853
248,PstI.TP1151255,Sobic.001G503500,Chr01,77207755,77210506,2752,+,-5362,2611
249,PstI.TP1151255,Sobic.001G503600,Chr01,77211221,77213039,1819,+,-1896,78
250,PstI.TP1151255,Sobic.001G503900,Chr01,77218640,77223738,5099,+,5523,-10621
251,PstI.TP1151255,Sobic.001G503801,Chr01,77217113,77218531,1419,-,3996,-5414
252,PstI.TP1164091,Sobic.006G215050,Chr06,56321881,56326157,4277,-,2234,-6510
253,PstI.TP1164091,Sobic.006G215100,Chr06,56326378,56330018,3641,-,6731,-10371
254,PstI.TP1164091,Sobic.006G215000,Chr06,56315381,56321716,6336,+,-4266,-2069
255,PstI.TP117081,Sobic.002G153700,Chr02,45970904,45987364,16461,-,-15645,-815
256,PstI.TP117081,Sobic.002G153700,Chr02,45971003,45987364,16362,-,-15546,-815
257,PstI.TP1172225,Sobic.006G021900,Chr06,3876047,3890735,14689,+,-13995,-693
258,PstI.TP1172225,Sobic.006G021900,Chr06,3876047,3884398,8352,+,-13995,5644
259,PstI.TP1172225,Sobic.006G022000,Chr06,3894788,3898513,3726,-,4746,-8471
260,PstI.TP1172225,Sobic.006G022000,Chr06,3894788,3898513,3726,-,4746,-8471
261,PstI.TP1172225,Sobic.006G022000,Chr06,3894788,3898513,3726,-,4746,-8471
262,PstI.TP1172225,Sobic.006G022000,Chr06,3894788,3898513,3726,-,4746,-8471
263,PstI.TP1200270,Sobic.002G111000,Chr02,13510967,13526982,16016,-,-7093,-8922
264,PstI.TP1200270,Sobic.002G110800,Chr02,13503243,13510743,7501,+,-14817,7317
265,PstI.TP1220022,Sobic.005G126800,Chr05,55216868,55220999,4132,-,-2523,-1608
266,PstI.TP1220022,Sobic.005G126701,Chr05,55204080,55213706,9627,-,-15311,5685
267,PstI.TP1220022,Sobic.005G126900,Chr05,55227575,55229721,2147,+,8184,-10330
268,PstI.TP1227790,Sobic.009G132650,Chr09,48689078,48701273,12196,-,-7653,-4542
269,PstI.TP1227790,Sobic.009G132600,Chr09,48691051,48701272,10222,-,-5680,-4541
270,PstI.TP1227790,Sobic.009G132700,Chr09,48703418,48707870,4453,-,6687,-11139
271,PstI.TP124945,Sobic.005G113300,Chr05,41252790,41257286,4497,+,-2523,-1973
273,PstI.TP1257104,Sobic.003G031700,Chr03,2914465,2921309,6845,+,-2019,-4825
274,PstI.TP1257104,Sobic.003G031750,Chr03,2923619,2924591,973,-,7135,-8107
275,PstI.TP1257104,Sobic.003G031700,Chr03,2914395,2921309,6915,+,-2089,-4825
278,PstI.TP141051,Sobic.003G212600,Chr03,54717268,54720670,3403,+,-8782,5380
279,PstI.TP141051,Sobic.003G212900,Chr03,54733763,54738699,4937,+,7713,-12649
280,PstI.TP141051,Sobic.003G212800,Chr03,54724620,54729268,4649,-,-1430,-3218
281,PstI.TP141051,Sobic.003G212600,Chr03,54717407,54720670,3264,+,-8643,5380
282,PstI.TP141051,Sobic.003G212700,Chr03,54721337,54724902,3566,+,-4713,1148
284,PstI.TP166492,Sobic.006G014700,Chr06,2192523,2194215,1693,+,-7546,5854
285,PstI.TP166492,Sobic.006G014800,Chr06,2195405,2200776,5372,-,-4664,-707
286,PstI.TP181967,Sobic.002G243100,Chr02,63220532,63220885,354,-,-4697,4344
287,PstI.TP181967,Sobic.002G243200,Chr02,63222508,63226117,3610,-,-2721,-888
288,PstI.TP181967,Sobic.002G243000,Chr02,63217117,63220383,3267,+,-8112,4846
289,PstI.TP198015,Sobic.003G361300,Chr03,67909773,67916798,7026,+,-1012,-6013
290,PstI.TP198015,Sobic.003G361400,Chr03,67920312,67926521,6210,-,9527,-15736
292,PstI.TP234382,Sobic.001G393200,Chr01,67936807,67937472,666,-,-10569,9904
293,PstI.TP234382,Sobic.001G393300,Chr01,67949101,67978699,29599,-,1725,-31323
295,PstI.TP268085,Sobic.002G256700,Chr02,64259830,64266440,6611,-,-5435,-1175
296,PstI.TP268085,Sobic.002G256601,Chr02,64255169,64258774,3606,-,-10096,6491
297,PstI.TP268085,Sobic.002G256800,Chr02,64271392,64274865,3474,-,6127,-9600
298,PstI.TP282657,Sobic.010G239600,Chr10,58160461,58166804,6344,+,953,-7296
299,PstI.TP282657,Sobic.010G239700,Chr10,58168736,58173007,4272,-,9228,-13499
300,PstI.TP282657,Sobic.010G239600,Chr10,58158917,58166804,7888,+,-591,-7296
301,PstI.TP282657,Sobic.010G239700,Chr10,58168736,58173007,4272,-,9228,-13499
302,PstI.TP282657,Sobic.010G239700,Chr10,58168736,58173007,4272,-,9228,-13499
303,PstI.TP288641,Sobic.001G251400,Chr01,27152151,27157196,5046,+,-6022,977
304,PstI.TP288641,Sobic.001G251400,Chr01,27152326,27156786,4461,+,-5847,1387
305,PstI.TP288641,Sobic.001G251400,Chr01,27152758,27157196,4439,+,-5415,977
306,PstI.TP288641,Sobic.001G251400,Chr01,27152818,27157196,4379,+,-5355,977
307,PstI.TP288641,Sobic.001G251400,Chr01,27152497,27157196,4700,+,-5676,977
308,PstI.TP288641,Sobic.001G251400,Chr01,27152497,27157196,4700,+,-5676,977
309,PstI.TP288641,Sobic.001G251200,Chr01,27132607,27148315,15709,+,-25566,9858
310,PstI.TP288641,Sobic.001G251500,Chr01,27157607,27161128,3522,-,-566,-2955
311,PstI.TP288641,Sobic.001G251300,Chr01,27148880,27150295,1416,-,-9293,7878
312,PstI.TP288641,Sobic.001G251600,Chr01,27167214,27174003,6790,+,9041,-15830
313,PstI.TP288641,Sobic.001G251600,Chr01,27167214,27174005,6792,+,9041,-15832
314,PstI.TP288641,Sobic.001G251600,Chr01,27167214,27174003,6790,+,9041,-15830
315,PstI.TP288641,Sobic.001G251600,Chr01,27167214,27174003,6790,+,9041,-15830
316,PstI.TP288641,Sobic.001G251600,Chr01,27167214,27174005,6792,+,9041,-15832
317,PstI.TP288641,Sobic.001G251600,Chr01,27167214,27174005,6792,+,9041,-15832
318,PstI.TP298201,Sobic.006G009200,Chr06,1374025,1379411,5387,-,-1797,-3589
319,PstI.TP298201,Sobic.006G009100,Chr06,1370536,1373307,2772,+,-5286,2515
320,PstI.TP312639,Sobic.002G040550,Chr02,3912164,3913536,1373,+,694,-2066
321,PstI.TP312639,Sobic.002G040400,Chr02,3900660,3902719,2060,-,-10810,8751
322,PstI.TP312639,Sobic.002G040550,Chr02,3912164,3913536,1373,+,694,-2066
323,PstI.TP312639,Sobic.002G040500,Chr02,3910722,3912341,1620,-,-748,-871
324,PstI.TP312639,Sobic.002G040600,Chr02,3916146,3918931,2786,-,4676,-7461
325,PstI.TP33096,Sobic.006G018701,Chr06,3168053,3170465,2413,+,-12109,9697
326,PstI.TP33096,Sobic.006G018800,Chr06,3178404,3183167,4764,+,-1758,-3005
327,PstI.TP33096,Sobic.006G018751,Chr06,3171979,3172293,315,-,-8183,7869
330,PstI.TP349355,Sobic.004G167200,Chr04,51726006,51731422,5417,+,-13531,8115
331,PstI.TP349355,Sobic.004G167300,Chr04,51736984,51738388,1405,-,-2553,1149
333,PstI.TP383939,Sobic.002G185000,Chr02,56915523,56916080,558,+,8113,-8670
334,PstI.TP383939,Sobic.002G184800,Chr02,56904377,56906040,1664,+,-3033,1370
335,PstI.TP383939,Sobic.002G184900,Chr02,56906953,56911402,4450,-,-457,-3992
336,PstI.TP383939,Sobic.002G185100,Chr02,56916507,56917448,942,-,9097,-10038
337,PstI.TP392482,Sobic.001G195932,Chr01,17597021,17603561,6541,+,-14125,7585
338,PstI.TP392482,Sobic.001G196000,Chr01,17610486,17622072,11587,+,-660,-10926
339,PstI.TP392482,Sobic.001G195932,Chr01,17597021,17603561,6541,+,-14125,7585
340,PstI.TP392482,Sobic.001G196000,Chr01,17610486,17622072,11587,+,-660,-10926
341,PstI.TP392482,Sobic.001G195932,Chr01,17597021,17603561,6541,+,-14125,7585
342,PstI.TP392482,Sobic.001G196000,Chr01,17610486,17622072,11587,+,-660,-10926
343,PstI.TP392482,Sobic.001G195932,Chr01,17597021,17603561,6541,+,-14125,7585
344,PstI.TP392482,Sobic.001G196000,Chr01,17610486,17622072,11587,+,-660,-10926
345,PstI.TP404885,Sobic.006G151001,Chr06,51188493,51192814,4322,+,-11358,7037
346,PstI.TP404885,Sobic.006G151100,Chr06,51194675,51196318,1644,+,-5176,3533
347,PstI.TP404885,Sobic.006G151200,Chr06,51195629,51201372,5744,-,-4222,-1521
348,PstI.TP410505,Sobic.003G366400,Chr03,68264213,68268176,3964,-,-3924,-39
349,PstI.TP410505,Sobic.003G366500,Chr03,68270597,68276908,6312,-,2460,-8771
350,PstI.TP410505,Sobic.003G366600,Chr03,68276909,68278739,1831,-,8772,-10602
351,PstI.TP410505,Sobic.003G366400,Chr03,68264213,68267367,3155,-,-3924,770
352,PstI.TP419219,Sobic.009G017666,Chr09,1642094,1646095,4002,-,-8164,4163
353,PstI.TP419219,Sobic.009G017732,Chr09,1647355,1650671,3317,-,-2903,-413
354,PstI.TP419219,Sobic.009G018000,Chr09,1657756,1662399,4644,+,7498,-12141
355,PstI.TP419219,Sobic.009G017800,Chr09,1651245,1655003,3759,-,987,-4745
356,PstI.TP419801,Sobic.008G012600,Chr08,1068226,1072631,4406,-,-9128,4723
357,PstI.TP419801,Sobic.008G012700,Chr08,1085858,1088155,2298,+,8504,-10801
358,PstI.TP425356,Sobic.001G005900,Chr01,563262,565110,1849,+,-5777,3929
359,PstI.TP425356,Sobic.001G006000,Chr01,565503,568068,2566,-,-3536,971
360,PstI.TP425356,Sobic.001G006201,Chr01,572086,573495,1410,-,3047,-4456
361,PstI.TP425356,Sobic.001G006300,Chr01,576040,577925,1886,-,7001,-8886
362,PstI.TP425356,Sobic.001G006101,Chr01,568261,570006,1746,-,-778,-967
364,PstI.TP459121,Sobic.001G514300,Chr01,78155741,78157975,2235,+,-7094,4860
365,PstI.TP459121,Sobic.001G514300,Chr01,78155987,78157975,1989,+,-6848,4860
366,PstI.TP459121,Sobic.001G514400,Chr01,78160422,78162432,2011,+,-2413,403
367,PstI.TP459121,Sobic.001G514500,Chr01,78162706,78168624,5919,-,-129,-5789
368,PstI.TP459121,Sobic.001G514500,Chr01,78162706,78168589,5884,-,-129,-5754
369,PstI.TP459121,Sobic.001G514300,Chr01,78156023,78157975,1953,+,-6812,4860
370,PstI.TP459121,Sobic.001G514500,Chr01,78162706,78168598,5893,-,-129,-5763
371,PstI.TP459121,Sobic.001G514500,Chr01,78162706,78168572,5867,-,-129,-5737
372,PstI.TP459121,Sobic.001G514500,Chr01,78162706,78168595,5890,-,-129,-5760
373,PstI.TP459121,Sobic.001G514500,Chr01,78162706,78168595,5890,-,-129,-5760
374,PstI.TP459121,Sobic.001G514500,Chr01,78162706,78168598,5893,-,-129,-5763
375,PstI.TP459121,Sobic.001G514500,Chr01,78162706,78168567,5862,-,-129,-5732
376,PstI.TP459121,Sobic.001G514500,Chr01,78162706,78168571,5866,-,-129,-5736
377,PstI.TP476886,Sobic.002G175400,Chr02,55392886,55396332,3447,+,-1402,-2044
378,PstI.TP476886,Sobic.002G175500,Chr02,55400269,55404082,3814,+,5981,-9794
379,PstI.TP476886,Sobic.002G175200,Chr02,55384510,55385751,1242,-,-9778,8537
380,PstI.TP476886,Sobic.002G175300,Chr02,55387775,55388842,1068,-,-6513,5446
381,PstI.TP483920,Sobic.002G346700,Chr02,71252892,71254806,1915,+,6764,-8678
382,PstI.TP483920,Sobic.002G346501,Chr02,71243964,71244894,931,-,-2164,1234
383,PstI.TP483920,Sobic.002G346600,Chr02,71242663,71251130,8468,-,-3465,-5002
384,PstI.TP483920,Sobic.002G346400,Chr02,71235707,71241516,5810,-,-10421,4612
385,PstI.TP49139,Sobic.001G541601,Chr01,80479614,80480842,1229,+,2006,-3234
386,PstI.TP49139,Sobic.001G541700,Chr01,80481615,80482772,1158,-,4007,-5164
387,PstI.TP49139,Sobic.001G541500,Chr01,80475475,80477783,2309,+,-2133,-175
388,PstI.TP53152,Sobic.006G219500,Chr06,56670880,56674646,3767,+,-778,-2988
389,PstI.TP53152,Sobic.006G219600,Chr06,56679001,56687527,8527,+,7343,-15869
390,PstI.TP53152,Sobic.006G219500,Chr06,56670880,56674646,3767,+,-778,-2988
391,PstI.TP53152,Sobic.006G219600,Chr06,56679001,56685893,6893,+,7343,-14235
392,PstI.TP53152,Sobic.006G219500,Chr06,56670879,56674646,3768,+,-779,-2988
393,PstI.TP53152,Sobic.006G219600,Chr06,56678384,56687527,9144,+,6726,-15869
394,PstI.TP532325,Sobic.005G104600,Chr05,18806002,18807987,1986,+,-242,-1743
395,PstI.TP57213,Sobic.001G305900,Chr01,58998698,59003294,4597,+,-7721,3125
396,PstI.TP57213,Sobic.001G306000,Chr01,59003657,59006974,3318,+,-2762,-555
397,PstI.TP57213,Sobic.001G306000,Chr01,59003709,59006974,3266,+,-2710,-555
398,PstI.TP57213,Sobic.001G306000,Chr01,59003709,59006974,3266,+,-2710,-555
399,PstI.TP57213,Sobic.001G306101,Chr01,59012427,59013185,759,+,6008,-6766
400,PstI.TP57213,Sobic.001G306000,Chr01,59003709,59006974,3266,+,-2710,-555
401,PstI.TP642933,Sobic.006G225300,Chr06,57082796,57088549,5754,+,-13386,7633
402,PstI.TP642933,Sobic.006G225300,Chr06,57085351,57088549,3199,+,-10831,7633
403,PstI.TP642933,Sobic.006G225500,Chr06,57096038,57097017,980,+,-144,-835
404,PstI.TP642933,Sobic.006G225400,Chr06,57089503,57093834,4332,-,-6679,2348
405,PstI.TP642933,Sobic.006G225600,Chr06,57100794,57104463,3670,-,4612,-8281
406,PstI.TP642933,Sobic.006G225600,Chr06,57100794,57104463,3670,-,4612,-8281
407,PstI.TP65061,Sobic.002G373600,Chr02,73153554,73160861,7308,+,-5727,-1580
408,PstI.TP65061,Sobic.002G373600,Chr02,73154355,73160861,6507,+,-4926,-1580
409,PstI.TP65061,Sobic.002G373700,Chr02,73163583,73166165,2583,+,4302,-6884
410,PstI.TP65061,Sobic.002G373800,Chr02,73167726,73170579,2854,-,8445,-11298
411,PstI.TP65271,Sobic.003G029900,Chr03,2655907,2661093,5187,+,-106,-5080
412,PstI.TP678255,Sobic.001G390900,Chr01,67737977,67743372,5396,+,-7970,2575
413,PstI.TP678255,Sobic.001G390900,Chr01,67738026,67743372,5347,+,-7921,2575
414,PstI.TP678255,Sobic.001G391101,Chr01,67747431,67750265,2835,-,1484,-4318
415,PstI.TP678255,Sobic.001G391200,Chr01,67750627,67754227,3601,-,4680,-8280
416,PstI.TP678255,Sobic.001G391000,Chr01,67743703,67746828,3126,-,-2244,-881
418,PstI.TP727705,Sobic.004G034900,Chr04,2812176,2823116,10941,+,-16460,5520
419,PstI.TP727705,Sobic.004G035000,Chr04,2825467,2828762,3296,+,-3169,-126
420,PstI.TP727705,Sobic.004G035100,Chr04,2829399,2833409,4011,+,763,-4773
421,PstI.TP727705,Sobic.004G035200,Chr04,2837130,2841378,4249,+,8494,-12742
422,PstI.TP729855,Sobic.003G324500,Chr03,65120997,65121530,534,+,-5136,4603
423,PstI.TP729855,Sobic.003G324600,Chr03,65124588,65129402,4815,-,-1545,-3269
424,PstI.TP770204,Sobic.003G357000,Chr03,67532421,67533163,743,-,9045,-9787
425,PstI.TP770204,Sobic.003G356900,Chr03,67522292,67525446,3155,+,-1084,-2070
426,PstI.TP774948,Sobic.009G003000,Chr09,232447,243556,11110,-,-10968,-141
427,PstI.TP774948,Sobic.009G003000,Chr09,232447,243556,11110,-,-10968,-141
428,PstI.TP775725,Sobic.001G012600,Chr01,1173739,1176242,2504,-,-1678,-825
429,PstI.TP775725,Sobic.001G012500,Chr01,1169607,1171117,1511,-,-5810,4300
430,PstI.TP775725,Sobic.001G012600,Chr01,1173739,1176242,2504,-,-1678,-825
431,PstI.TP775725,Sobic.001G012500,Chr01,1169607,1171177,1571,-,-5810,4240
432,PstI.TP775845,Sobic.001G164000,Chr01,13541881,13542563,683,+,4782,-5464
433,PstI.TP775845,Sobic.001G163732,Chr01,13526581,13527242,662,-,-10518,9857
434,PstI.TP775845,Sobic.001G163800,Chr01,13533536,13536173,2638,-,-3563,926
435,PstI.TP775845,Sobic.001G163900,Chr01,13538720,13542764,4045,-,1621,-5665
436,PstI.TP775845,Sobic.001G163800,Chr01,13533536,13536173,2638,-,-3563,926
437,PstI.TP789647,Sobic.003G379500,Chr03,69335724,69347208,11485,+,-18823,7339
438,PstI.TP789647,Sobic.003G379500,Chr03,69335724,69349190,13467,+,-18823,5357
439,PstI.TP789647,Sobic.003G379800,Chr03,69362960,69366951,3992,+,8413,-12404
440,PstI.TP789647,Sobic.003G379600,Chr03,69338902,69344550,5649,-,-15645,9997
441,PstI.TP789647,Sobic.003G379700,Chr03,69351545,69356137,4593,-,-3002,-1590
442,PstI.TP789647,Sobic.003G379700,Chr03,69351545,69356140,4596,-,-3002,-1593
443,PstI.TP790069,Sobic.002G007300,Chr02,690751,695119,4369,-,-8922,4554
444,PstI.TP790069,Sobic.002G007250,Chr02,689773,690594,822,+,-9900,9079
445,PstI.TP790069,Sobic.002G007500,Chr02,703524,704987,1464,+,3851,-5314
446,PstI.TP790069,Sobic.002G007400,Chr02,698947,700577,1631,-,-726,-904
447,PstI.TP790069,Sobic.002G007600,Chr02,709044,710007,964,+,9371,-10334
448,PstI.TP833228,Sobic.002G142500,Chr02,23341537,23347723,6187,-,-519,-5667
449,PstI.TP833228,Sobic.002G142500,Chr02,23341537,23347723,6187,-,-519,-5667
451,PstI.TP841525,Sobic.003G257100,Chr03,59529078,59534732,5655,+,-2285,-3369
452,PstI.TP841525,Sobic.003G257200,Chr03,59537652,59544647,6996,+,6289,-13284
453,PstI.TP881184,Sobic.002G418300,Chr02,76615451,76620614,5164,-,-4773,-390
454,PstI.TP881184,Sobic.002G418400,Chr02,76622211,76623952,1742,-,1987,-3728
455,PstI.TP881184,Sobic.002G418500,Chr02,76629585,76632298,2714,-,9361,-12074
456,PstI.TP947087,Sobic.002G111800,Chr02,13600924,13606432,5509,+,-9769,4261
457,PstI.TP947087,Sobic.002G111900,Chr02,13606990,13611602,4613,-,-3703,-909
459,PstI.TP980214,Sobic.001G135500,Chr01,10677948,10687148,9201,+,-9840,640
460,PstI.TP980214,Sobic.001G135600,Chr01,10687166,10691438,4273,-,-622,-3650
461,PstI.TP980214,Sobic.001G135600,Chr01,10688796,10691438,2643,-,1008,-3650
462,PstI.TP980214,Sobic.001G135650,Chr01,10692782,10693267,486,-,4994,-5479
463,PstI.TP980214,Sobic.001G135700,Chr01,10696483,10696955,473,-,8695,-9167
464,PstI.TP980214,Sobic.001G135800,Chr01,10697099,10697955,857,-,9311,-10167
465,PstI.TP982120,Sobic.002G138200,Chr02,21427784,21432060,4277,+,-449,-3827
466,PstI.TP982120,Sobic.002G138200,Chr02,21428726,21432060,3335,+,493,-3827
467,PstI.TP982120,Sobic.002G138300,Chr02,21432321,21435715,3395,-,4088,-7482
468,PstI.TP982139,Sobic.004G141200,Chr04,41444148,41445740,1593,+,-1130,-462