"","SNP","Gene","chr","start","end","width","strand"
"1","GFSSContig17769_257","Sobic.003G106000.1","Chr03",9610191,9615113,4923,"+"
"2","GFSSContig17769_257","Sobic.003G105900.1","Chr03",9602593,9609797,7205,"-"
"3","GFSSContig17769_257","Sobic.003G105900.2","Chr03",9602593,9609797,7205,"-"
"4","GFSSContig7996_485","Sobic.006G188800.1","Chr06",54331337,54333531,2195,"+"
"5","NsiI.TP101365","Sobic.010G246900.1","Chr10",58700687,58703971,3285,"+"
"6","NsiI.TP101365","Sobic.010G246900.2","Chr10",58700687,58703971,3285,"+"
"7","NsiI.TP101365","Sobic.010G246900.4","Chr10",58700687,58703975,3289,"+"
"8","NsiI.TP101365","Sobic.010G246900.6","Chr10",58700687,58703975,3289,"+"
"9","NsiI.TP101365","Sobic.010G246900.3","Chr10",58700687,58703977,3291,"+"
"10","NsiI.TP101365","Sobic.010G246900.5","Chr10",58700687,58703977,3291,"+"
"11","NsiI.TP101365","Sobic.010G247000.1","Chr10",58709632,58711758,2127,"+"
"12","NsiI.TP101365","Sobic.010G246800.1","Chr10",58698237,58698965,729,"-"
"13","NsiI.TP101365","Sobic.010G247100.1","Chr10",58712018,58714104,2087,"-"
"14","NsiI.TP111617","Sobic.005G146533.1","Chr05",61359556,61363324,3769,"-"
"15","NsiI.TP111617","Sobic.005G146666.1","Chr05",61376754,61380936,4183,"-"
"16","NsiI.TP127610","Sobic.001G408900.1","Chr01",69269305,69272122,2818,"+"
"17","NsiI.TP127610","Sobic.001G409000.1","Chr01",69273278,69274344,1067,"+"
"18","NsiI.TP127610","Sobic.001G409200.1","Chr01",69289989,69291418,1430,"+"
"19","NsiI.TP127610","Sobic.001G409100.1","Chr01",69274318,69279345,5028,"-"
"20","NsiI.TP129565","Sobic.009G111200.1","Chr09",44785084,44786853,1770,"+"
"21","NsiI.TP129565","Sobic.009G111301.1","Chr09",44790435,44791232,798,"+"
"22","NsiI.TP129565","Sobic.009G111400.1","Chr09",44791313,44800404,9092,"+"
"23","NsiI.TP129565","Sobic.009G111400.3","Chr09",44791313,44800404,9092,"+"
"24","NsiI.TP129565","Sobic.009G111400.2","Chr09",44791497,44800404,8908,"+"
"25","NsiI.TP164112","Sobic.002G408800.1","Chr02",75760984,75765627,4644,"+"
"26","NsiI.TP164112","Sobic.002G408900.1","Chr02",75766505,75771713,5209,"-"
"27","NsiI.TP164112","Sobic.002G408900.2","Chr02",75766505,75771713,5209,"-"
"28","NsiI.TP164112","Sobic.002G408900.3","Chr02",75766505,75771713,5209,"-"
"29","NsiI.TP164112","Sobic.002G408900.4","Chr02",75766505,75771713,5209,"-"
"30","NsiI.TP164112","Sobic.002G409000.1","Chr02",75773614,75775575,1962,"-"
"31","NsiI.TP164112","Sobic.002G409100.1","Chr02",75779345,75779904,560,"-"
"32","NsiI.TP164112","Sobic.002G409200.2","Chr02",75780712,75784318,3607,"-"
"33","NsiI.TP164112","Sobic.002G409200.3","Chr02",75780712,75784318,3607,"-"
"34","NsiI.TP169382","Sobic.009G211200.1","Chr09",55730349,55734639,4291,"+"
"35","NsiI.TP169382","Sobic.009G211300.3","Chr09",55735728,55741894,6167,"+"
"36","NsiI.TP169382","Sobic.009G211300.1","Chr09",55736890,55741725,4836,"+"
"37","NsiI.TP169382","Sobic.009G211300.4","Chr09",55736890,55741887,4998,"+"
"38","NsiI.TP169382","Sobic.009G211300.2","Chr09",55736890,55741888,4999,"+"
"39","NsiI.TP169382","Sobic.009G211100.1","Chr09",55725196,55729572,4377,"-"
"40","NsiI.TP169382","Sobic.009G211400.1","Chr09",55743119,55748514,5396,"-"
"41","NsiI.TP195995","Sobic.002G307900.1","Chr02",68228301,68230517,2217,"-"
"42","NsiI.TP195995","Sobic.002G308000.1","Chr02",68230609,68234478,3870,"-"
"43","NsiI.TP204910","Sobic.002G276800.1","Chr02",65958977,65962368,3392,"+"
"44","NsiI.TP204910","Sobic.002G276900.1","Chr02",65966085,65970564,4480,"+"
"45","NsiI.TP204910","Sobic.002G277000.1","Chr02",65971126,65971560,435,"+"
"46","NsiI.TP204910","Sobic.002G277100.1","Chr02",65971938,65975798,3861,"-"
"47","NsiI.TP208625","Sobic.008G107500.1","Chr08",50603514,50609969,6456,"+"
"48","NsiI.TP208625","Sobic.008G107600.1","Chr08",50610901,50613264,2364,"-"
"49","NsiI.TP208625","Sobic.008G107800.1","Chr08",50616202,50620205,4004,"-"
"50","NsiI.TP228522","Sobic.010G092550.1","Chr10",8186923,8190629,3707,"+"
"51","NsiI.TP228522","Sobic.010G092600.1","Chr10",8195416,8200323,4908,"-"
"52","NsiI.TP241500","Sobic.001G397600.1","Chr01",68291785,68294851,3067,"+"
"53","NsiI.TP349989","Sobic.009G000200.1","Chr09",45063,50274,5212,"+"
"54","NsiI.TP349989","Sobic.009G000300.1","Chr09",54111,58498,4388,"-"
"55","NsiI.TP360999","Sobic.001G132800.1","Chr01",10464458,10469295,4838,"-"
"56","NsiI.TP360999","Sobic.001G132900.1","Chr01",10471579,10477906,6328,"-"
"57","NsiI.TP408031","Sobic.002G359600.1","Chr02",72180189,72188126,7938,"+"
"58","NsiI.TP408031","Sobic.002G359700.1","Chr02",72192356,72193761,1406,"+"
"59","NsiI.TP422411","Sobic.003G399101.1","Chr03",70823990,70825135,1146,"+"
"60","NsiI.TP422411","Sobic.003G399200.1","Chr03",70833427,70836457,3031,"+"
"61","NsiI.TP422411","Sobic.003G399000.1","Chr03",70819204,70823721,4518,"-"
"62","NsiI.TP422411","Sobic.003G399000.2","Chr03",70822093,70823929,1837,"-"
"63","NsiI.TP422411","Sobic.003G399266.1","Chr03",70837534,70837807,274,"-"
"64","NsiI.TP422411","Sobic.003G399100.1","Chr03",70838766,70841473,2708,"-"
"65","NsiI.TP424080","Sobic.008G187450.1","Chr08",62205130,62206641,1512,"+"
"66","NsiI.TP424080","Sobic.008G187566.1","Chr08",62209984,62211116,1133,"+"
"67","NsiI.TP424080","Sobic.008G187400.2","Chr08",62193789,62201413,7625,"-"
"68","NsiI.TP424080","Sobic.008G187400.1","Chr08",62199421,62201413,1993,"-"
"69","NsiI.TP424080","Sobic.008G187500.1","Chr08",62206984,62207628,645,"-"
"70","NsiI.TP424080","Sobic.008G187632.1","Chr08",62212099,62214380,2282,"-"
"71","NsiI.TP424080","Sobic.008G187700.1","Chr08",62220131,62220595,465,"-"
"72","NsiI.TP440500","Sobic.009G259600.1","Chr09",59299077,59301445,2369,"+"
"73","NsiI.TP440500","Sobic.009G259500.1","Chr09",59288607,59293583,4977,"-"
"74","NsiI.TP440500","Sobic.009G259500.2","Chr09",59288607,59293583,4977,"-"
"75","NsiI.TP440500","Sobic.009G259500.3","Chr09",59288607,59293583,4977,"-"
"76","NsiI.TP440500","Sobic.009G259700.1","Chr09",59302171,59303677,1507,"-"
"77","NsiI.TP444479","Sobic.002G326200.1","Chr02",69610553,69613401,2849,"+"
"78","NsiI.TP444479","Sobic.002G326300.1","Chr02",69616465,69617511,1047,"+"
"79","NsiI.TP444479","Sobic.002G326400.1","Chr02",69620241,69623720,3480,"+"
"80","NsiI.TP460633","Sobic.004G280200.1","Chr04",62255058,62258612,3555,"-"
"81","NsiI.TP460633","Sobic.004G280301.1","Chr04",62258710,62260788,2079,"-"
"82","NsiI.TP460633","Sobic.004G280301.2","Chr04",62259142,62260788,1647,"-"
"83","NsiI.TP460633","Sobic.004G280401.1","Chr04",62263945,62264886,942,"-"
"84","NsiI.TP468343","Sobic.003G390800.3","Chr03",70178100,70185099,7000,"+"
"85","NsiI.TP468343","Sobic.003G390800.2","Chr03",70178100,70186589,8490,"+"
"86","NsiI.TP468343","Sobic.003G390800.5","Chr03",70178275,70185159,6885,"+"
"87","NsiI.TP468343","Sobic.003G390800.4","Chr03",70178505,70185159,6655,"+"
"88","NsiI.TP474172","Sobic.001G335000.1","Chr01",62373931,62381301,7371,"+"
"89","NsiI.TP474172","Sobic.001G335100.1","Chr01",62383516,62385906,2391,"+"
"90","NsiI.TP486731","Sobic.002G414150.1","Chr02",76151057,76155877,4821,"+"
"91","NsiI.TP486731","Sobic.002G414300.1","Chr02",76158630,76160629,2000,"+"
"92","NsiI.TP486731","Sobic.002G414400.1","Chr02",76165885,76169873,3989,"-"
"93","NsiI.TP487417","Sobic.002G140400.1","Chr02",22482460,22483405,946,"+"
"94","NsiI.TP487417","Sobic.002G140500.1","Chr02",22483679,22484240,562,"+"
"95","NsiI.TP487417","Sobic.002G140700.1","Chr02",22491963,22504186,12224,"+"
"96","NsiI.TP487417","Sobic.002G140700.2","Chr02",22491963,22504186,12224,"+"
"97","NsiI.TP487417","Sobic.002G140600.1","Chr02",22484413,22489881,5469,"-"
"98","NsiI.TP501941","Sobic.003G328800.1","Chr03",65410780,65414721,3942,"+"
"99","NsiI.TP501941","Sobic.003G328700.1","Chr03",65405997,65408752,2756,"-"
"100","NsiI.TP501941","Sobic.003G328700.2","Chr03",65405997,65408752,2756,"-"
"101","NsiI.TP501941","Sobic.003G328900.1","Chr03",65414383,65417430,3048,"-"
"102","NsiI.TP501941","Sobic.003G329000.2","Chr03",65420017,65423158,3142,"-"
"103","NsiI.TP501941","Sobic.003G329000.1","Chr03",65420017,65424099,4083,"-"
"104","NsiI.TP523625","Sobic.004G283800.1","Chr04",62599054,62603155,4102,"+"
"105","NsiI.TP523625","Sobic.004G283900.1","Chr04",62617908,62622646,4739,"+"
"106","NsiI.TP554032","Sobic.003G187000.1","Chr03",50563518,50564817,1300,"+"
"107","NsiI.TP554032","Sobic.003G186900.1","Chr03",50552617,50560653,8037,"-"
"108","NsiI.TP554032","Sobic.003G186900.2","Chr03",50552617,50560653,8037,"-"
"109","NsiI.TP554032","Sobic.003G186900.3","Chr03",50552617,50560653,8037,"-"
"110","NsiI.TP554032","Sobic.003G186900.4","Chr03",50552617,50560653,8037,"-"
"111","NsiI.TP58591","Sobic.001G140200.1","Chr01",11185282,11192665,7384,"+"
"112","NsiI.TP58591","Sobic.001G140400.1","Chr01",11202700,11203741,1042,"+"
"113","NsiI.TP58591","Sobic.001G140300.1","Chr01",11195137,11198205,3069,"-"
"114","NsiI.TP614629","Sobic.002G233200.1","Chr02",62408042,62409044,1003,"+"
"115","NsiI.TP614629","Sobic.002G233300.1","Chr02",62413060,62414511,1452,"+"
"116","NsiI.TP614629","Sobic.002G233400.1","Chr02",62417242,62418471,1230,"+"
"117","NsiI.TP614629","Sobic.002G233400.2","Chr02",62417242,62418471,1230,"+"
"118","NsiI.TP614629","Sobic.002G233500.1","Chr02",62421423,62422382,960,"+"
"119","NsiI.TP640755","Sobic.002G124766.1","Chr02",16850723,16851559,837,"+"
"120","NsiI.TP640755","Sobic.002G124700.1","Chr02",16844700,16848362,3663,"-"
"121","NsiI.TP640755","Sobic.002G124832.1","Chr02",16858710,16859748,1039,"-"
"122","NsiI.TP671324","Sobic.004G026900.1","Chr04",2150777,2154481,3705,"+"
"123","NsiI.TP671324","Sobic.004G027000.1","Chr04",2156770,2160056,3287,"+"
"124","NsiI.TP671324","Sobic.004G027000.2","Chr04",2157017,2160057,3041,"+"
"125","NsiI.TP671324","Sobic.004G027150.1","Chr04",2166090,2168304,2215,"+"
"126","NsiI.TP671324","Sobic.004G027100.1","Chr04",2161035,2164714,3680,"-"
"127","NsiI.TP678261","Sobic.008G133000.1","Chr08",55966822,55967178,357,"+"
"128","NsiI.TP678261","Sobic.008G133100.1","Chr08",55967541,55971627,4087,"-"
"129","NsiI.TP756808","Sobic.010G261900.1","Chr10",59847394,59851087,3694,"+"
"130","NsiI.TP756808","Sobic.010G261800.1","Chr10",59837462,59842467,5006,"-"
"131","NsiI.TP756808","Sobic.010G262000.1","Chr10",59851073,59853622,2550,"-"
"132","NsiI.TP756808","Sobic.010G262100.4","Chr10",59857228,59860319,3092,"-"
"133","NsiI.TP806172","Sobic.002G198700.1","Chr02",58863058,58865144,2087,"+"
"134","NsiI.TP806172","Sobic.002G198700.2","Chr02",58863482,58865144,1663,"+"
"135","NsiI.TP806172","Sobic.002G198900.1","Chr02",58868402,58870315,1914,"+"
"136","NsiI.TP806172","Sobic.002G198801.1","Chr02",58865231,58866497,1267,"-"
"137","NsiI.TP806172","Sobic.002G199000.1","Chr02",58871181,58873394,2214,"-"
"138","NsiI.TP806172","Sobic.002G199000.2","Chr02",58871181,58873698,2518,"-"
"139","NsiI.TP806172","Sobic.002G199100.1","Chr02",58875360,58879640,4281,"-"
"140","PstI.TP1000873","Sobic.007G144300.1","Chr07",57424956,57428879,3924,"+"
"141","PstI.TP1000873","Sobic.007G144400.1","Chr07",57436275,57437516,1242,"+"
"142","PstI.TP1010623","Sobic.003G029600.1","Chr03",2602291,2608868,6578,"+"
"143","PstI.TP1010623","Sobic.003G029700.1","Chr03",2611997,2619784,7788,"+"
"144","PstI.TP1010623","Sobic.003G029500.1","Chr03",2595830,2599790,3961,"-"
"145","PstI.TP1014707","Sobic.001G321900.1","Chr01",60935360,60939904,4545,"+"
"146","PstI.TP1014707","Sobic.001G322000.1","Chr01",60943550,60947681,4132,"+"
"147","PstI.TP1014707","Sobic.001G322100.1","Chr01",60947692,60949767,2076,"-"
"148","PstI.TP1014707","Sobic.001G322200.1","Chr01",60953355,60956030,2676,"-"
"149","PstI.TP1040489","Sobic.004G061400.2","Chr04",4933922,4963814,29893,"-"
"150","PstI.TP1075817","Sobic.001G128300.1","Chr01",10096139,10108071,11933,"+"
"151","PstI.TP1075817","Sobic.001G128300.2","Chr01",10096139,10108081,11943,"+"
"152","PstI.TP1075817","Sobic.001G128400.1","Chr01",10108298,10111086,2789,"+"
"153","PstI.TP1075817","Sobic.001G128800.1","Chr01",10123501,10125087,1587,"+"
"154","PstI.TP1075817","Sobic.001G128500.1","Chr01",10112591,10116997,4407,"-"
"155","PstI.TP1075817","Sobic.001G128600.1","Chr01",10117307,10121437,4131,"-"
"156","PstI.TP1084308","Sobic.004G143475.1","Chr04",42679459,42767795,88337,"-"
"157","PstI.TP1094695","Sobic.001G383800.1","Chr01",67122589,67126203,3615,"+"
"158","PstI.TP1094695","Sobic.001G384000.1","Chr01",67138883,67145110,6228,"+"
"159","PstI.TP1094695","Sobic.001G384000.2","Chr01",67138883,67145110,6228,"+"
"160","PstI.TP1094695","Sobic.001G383900.1","Chr01",67126297,67128683,2387,"-"
"161","PstI.TP1094695","Sobic.001G384100.1","Chr01",67144358,67148346,3989,"-"
"162","PstI.TP1098875","Sobic.004G339600.1","Chr04",67143061,67147706,4646,"+"
"163","PstI.TP1098875","Sobic.004G339700.1","Chr04",67150584,67154153,3570,"+"
"164","PstI.TP1098875","Sobic.004G339800.2","Chr04",67154250,67159910,5661,"-"
"165","PstI.TP1098875","Sobic.004G339800.1","Chr04",67154647,67159910,5264,"-"
"166","PstI.TP1102210","Sobic.006G203300.1","Chr06",55400976,55405685,4710,"-"
"167","PstI.TP1102210","Sobic.006G203400.1","Chr06",55407501,55411315,3815,"-"
"168","PstI.TP1151255","Sobic.001G503500.1","Chr01",77207755,77210506,2752,"+"
"169","PstI.TP1151255","Sobic.001G503600.2","Chr01",77211221,77213039,1819,"+"
"170","PstI.TP1151255","Sobic.001G503700.1","Chr01",77213840,77216087,2248,"+"
"171","PstI.TP1151255","Sobic.001G503700.2","Chr01",77213840,77216970,3131,"+"
"172","PstI.TP1151255","Sobic.001G503900.1","Chr01",77218640,77223738,5099,"+"
"173","PstI.TP1151255","Sobic.001G503801.1","Chr01",77217113,77218531,1419,"-"
"174","PstI.TP1164091","Sobic.006G215000.1","Chr06",56315381,56321716,6336,"+"
"175","PstI.TP1164091","Sobic.006G215050.1","Chr06",56321881,56326157,4277,"-"
"176","PstI.TP1164091","Sobic.006G215100.1","Chr06",56326378,56330018,3641,"-"
"177","PstI.TP117081","Sobic.002G153700.2","Chr02",45970904,45987364,16461,"-"
"178","PstI.TP117081","Sobic.002G153700.1","Chr02",45971003,45987364,16362,"-"
"179","PstI.TP1172225","Sobic.006G021900.2","Chr06",3876047,3884398,8352,"+"
"180","PstI.TP1172225","Sobic.006G021900.1","Chr06",3876047,3890735,14689,"+"
"181","PstI.TP1172225","Sobic.006G022000.1","Chr06",3894788,3898513,3726,"-"
"182","PstI.TP1172225","Sobic.006G022000.2","Chr06",3894788,3898513,3726,"-"
"183","PstI.TP1172225","Sobic.006G022000.3","Chr06",3894788,3898513,3726,"-"
"184","PstI.TP1172225","Sobic.006G022000.4","Chr06",3894788,3898513,3726,"-"
"185","PstI.TP1200270","Sobic.002G110800.1","Chr02",13503243,13510743,7501,"+"
"186","PstI.TP1200270","Sobic.002G111000.1","Chr02",13510967,13526982,16016,"-"
"187","PstI.TP1220022","Sobic.005G126900.1","Chr05",55227575,55229721,2147,"+"
"188","PstI.TP1220022","Sobic.005G126701.1","Chr05",55204080,55213706,9627,"-"
"189","PstI.TP1220022","Sobic.005G126800.1","Chr05",55216868,55220999,4132,"-"
"190","PstI.TP1227790","Sobic.009G132650.1","Chr09",48689078,48701273,12196,"-"
"191","PstI.TP1227790","Sobic.009G132600.3","Chr09",48691051,48701272,10222,"-"
"192","PstI.TP1227790","Sobic.009G132700.1","Chr09",48703418,48707870,4453,"-"
"193","PstI.TP124945","Sobic.005G113300.1","Chr05",41252790,41257286,4497,"+"
"194","PstI.TP141051","Sobic.003G212600.3","Chr03",54717268,54720670,3403,"+"
"195","PstI.TP141051","Sobic.003G212600.1","Chr03",54717407,54720670,3264,"+"
"196","PstI.TP141051","Sobic.003G212700.1","Chr03",54721337,54724902,3566,"+"
"197","PstI.TP141051","Sobic.003G212900.1","Chr03",54733763,54738699,4937,"+"
"198","PstI.TP141051","Sobic.003G212800.1","Chr03",54724620,54729268,4649,"-"
"199","PstI.TP166492","Sobic.006G014700.1","Chr06",2192523,2194215,1693,"+"
"200","PstI.TP166492","Sobic.006G014800.1","Chr06",2195405,2200776,5372,"-"
"201","PstI.TP181967","Sobic.002G243000.1","Chr02",63217117,63220383,3267,"+"
"202","PstI.TP181967","Sobic.002G243100.1","Chr02",63220532,63220885,354,"-"
"203","PstI.TP181967","Sobic.002G243200.1","Chr02",63222508,63226117,3610,"-"
"204","PstI.TP198015","Sobic.003G361300.1","Chr03",67909773,67916798,7026,"+"
"205","PstI.TP198015","Sobic.003G361400.1","Chr03",67920312,67926521,6210,"-"
"206","PstI.TP268085","Sobic.002G256601.1","Chr02",64255169,64258774,3606,"-"
"207","PstI.TP268085","Sobic.002G256700.1","Chr02",64259830,64266440,6611,"-"
"208","PstI.TP268085","Sobic.002G256800.2","Chr02",64271392,64274865,3474,"-"
"209","PstI.TP282657","Sobic.010G239600.1","Chr10",58158917,58166804,7888,"+"
"210","PstI.TP282657","Sobic.010G239600.2","Chr10",58160461,58166804,6344,"+"
"211","PstI.TP282657","Sobic.010G239700.1","Chr10",58168736,58173007,4272,"-"
"212","PstI.TP282657","Sobic.010G239700.2","Chr10",58168736,58173007,4272,"-"
"213","PstI.TP282657","Sobic.010G239700.3","Chr10",58168736,58173007,4272,"-"
"214","PstI.TP288641","Sobic.001G251200.1","Chr01",27132607,27148315,15709,"+"
"215","PstI.TP288641","Sobic.001G251400.6","Chr01",27152151,27157196,5046,"+"
"216","PstI.TP288641","Sobic.001G251400.1","Chr01",27152326,27156786,4461,"+"
"217","PstI.TP288641","Sobic.001G251400.3","Chr01",27152497,27157196,4700,"+"
"218","PstI.TP288641","Sobic.001G251400.4","Chr01",27152497,27157196,4700,"+"
"219","PstI.TP288641","Sobic.001G251400.5","Chr01",27152758,27157196,4439,"+"
"220","PstI.TP288641","Sobic.001G251400.2","Chr01",27152818,27157196,4379,"+"
"221","PstI.TP288641","Sobic.001G251600.1","Chr01",27167214,27174003,6790,"+"
"222","PstI.TP288641","Sobic.001G251600.2","Chr01",27167214,27174003,6790,"+"
"223","PstI.TP288641","Sobic.001G251600.6","Chr01",27167214,27174003,6790,"+"
"224","PstI.TP288641","Sobic.001G251600.3","Chr01",27167214,27174005,6792,"+"
"225","PstI.TP288641","Sobic.001G251600.4","Chr01",27167214,27174005,6792,"+"
"226","PstI.TP288641","Sobic.001G251600.5","Chr01",27167214,27174005,6792,"+"
"227","PstI.TP288641","Sobic.001G251300.1","Chr01",27148880,27150295,1416,"-"
"228","PstI.TP288641","Sobic.001G251500.1","Chr01",27157607,27161128,3522,"-"
"229","PstI.TP298201","Sobic.006G009100.1","Chr06",1370536,1373307,2772,"+"
"230","PstI.TP298201","Sobic.006G009200.1","Chr06",1374025,1379411,5387,"-"
"231","PstI.TP33096","Sobic.006G018701.1","Chr06",3168053,3170465,2413,"+"
"232","PstI.TP33096","Sobic.006G018800.1","Chr06",3178404,3183167,4764,"+"
"233","PstI.TP33096","Sobic.006G018751.1","Chr06",3171979,3172293,315,"-"
"234","PstI.TP383939","Sobic.002G184800.1","Chr02",56904377,56906040,1664,"+"
"235","PstI.TP383939","Sobic.002G185000.1","Chr02",56915523,56916080,558,"+"
"236","PstI.TP383939","Sobic.002G184900.1","Chr02",56906953,56911402,4450,"-"
"237","PstI.TP383939","Sobic.002G185100.2","Chr02",56916507,56917448,942,"-"
"238","PstI.TP392482","Sobic.001G195932.1","Chr01",17597021,17603561,6541,"+"
"239","PstI.TP392482","Sobic.001G196000.1","Chr01",17610486,17622072,11587,"+"
"240","PstI.TP404885","Sobic.006G151001.1","Chr06",51188493,51192814,4322,"+"
"241","PstI.TP404885","Sobic.006G151100.1","Chr06",51194675,51196318,1644,"+"
"242","PstI.TP404885","Sobic.006G151200.1","Chr06",51195629,51201372,5744,"-"
"243","PstI.TP410505","Sobic.003G366400.2","Chr03",68264213,68267367,3155,"-"
"244","PstI.TP410505","Sobic.003G366400.1","Chr03",68264213,68268176,3964,"-"
"245","PstI.TP410505","Sobic.003G366500.1","Chr03",68270597,68276908,6312,"-"
"246","PstI.TP410505","Sobic.003G366600.1","Chr03",68276909,68278739,1831,"-"
"247","PstI.TP419219","Sobic.009G018000.1","Chr09",1657756,1662399,4644,"+"
"248","PstI.TP419219","Sobic.009G017666.1","Chr09",1642094,1646095,4002,"-"
"249","PstI.TP419219","Sobic.009G017732.1","Chr09",1647355,1650671,3317,"-"
"250","PstI.TP419219","Sobic.009G017800.2","Chr09",1651245,1655003,3759,"-"
"251","PstI.TP419801","Sobic.008G012700.1","Chr08",1085858,1088155,2298,"+"
"252","PstI.TP419801","Sobic.008G012600.1","Chr08",1068226,1072631,4406,"-"
"253","PstI.TP425356","Sobic.001G005900.1","Chr01",563262,565110,1849,"+"
"254","PstI.TP425356","Sobic.001G006000.1","Chr01",565503,568068,2566,"-"
"255","PstI.TP425356","Sobic.001G006101.1","Chr01",568261,570006,1746,"-"
"256","PstI.TP425356","Sobic.001G006201.1","Chr01",572086,573495,1410,"-"
"257","PstI.TP425356","Sobic.001G006300.1","Chr01",576040,577925,1886,"-"
"258","PstI.TP459121","Sobic.001G514300.3","Chr01",78155741,78157975,2235,"+"
"259","PstI.TP459121","Sobic.001G514300.4","Chr01",78155987,78157975,1989,"+"
"260","PstI.TP459121","Sobic.001G514300.2","Chr01",78156023,78157975,1953,"+"
"261","PstI.TP459121","Sobic.001G514400.1","Chr01",78160422,78162432,2011,"+"
"262","PstI.TP459121","Sobic.001G514500.3","Chr01",78162706,78168567,5862,"-"
"263","PstI.TP459121","Sobic.001G514500.6","Chr01",78162706,78168571,5866,"-"
"264","PstI.TP459121","Sobic.001G514500.5","Chr01",78162706,78168572,5867,"-"
"265","PstI.TP459121","Sobic.001G514500.10","Chr01",78162706,78168589,5884,"-"
"266","PstI.TP459121","Sobic.001G514500.2","Chr01",78162706,78168595,5890,"-"
"267","PstI.TP459121","Sobic.001G514500.4","Chr01",78162706,78168595,5890,"-"
"268","PstI.TP459121","Sobic.001G514500.8","Chr01",78162706,78168598,5893,"-"
"269","PstI.TP459121","Sobic.001G514500.9","Chr01",78162706,78168598,5893,"-"
"270","PstI.TP459121","Sobic.001G514500.7","Chr01",78162706,78168624,5919,"-"
"271","PstI.TP476886","Sobic.002G175400.1","Chr02",55392886,55396332,3447,"+"
"272","PstI.TP476886","Sobic.002G175500.1","Chr02",55400269,55404082,3814,"+"
"273","PstI.TP476886","Sobic.002G175200.1","Chr02",55384510,55385751,1242,"-"
"274","PstI.TP476886","Sobic.002G175300.1","Chr02",55387775,55388842,1068,"-"
"275","PstI.TP483920","Sobic.002G346700.1","Chr02",71252892,71254806,1915,"+"
"276","PstI.TP483920","Sobic.002G346400.1","Chr02",71235707,71241516,5810,"-"
"277","PstI.TP483920","Sobic.002G346600.3","Chr02",71242663,71251130,8468,"-"
"278","PstI.TP483920","Sobic.002G346501.1","Chr02",71243964,71244894,931,"-"
"279","PstI.TP49139","Sobic.001G541500.1","Chr01",80475475,80477783,2309,"+"
"280","PstI.TP49139","Sobic.001G541601.1","Chr01",80479614,80480842,1229,"+"
"281","PstI.TP49139","Sobic.001G541700.1","Chr01",80481615,80482772,1158,"-"
"282","PstI.TP53152","Sobic.006G219500.3","Chr06",56670879,56674646,3768,"+"
"283","PstI.TP53152","Sobic.006G219500.1","Chr06",56670880,56674646,3767,"+"
"284","PstI.TP53152","Sobic.006G219500.2","Chr06",56670880,56674646,3767,"+"
"285","PstI.TP53152","Sobic.006G219600.1","Chr06",56678384,56687527,9144,"+"
"286","PstI.TP53152","Sobic.006G219600.2","Chr06",56679001,56685893,6893,"+"
"287","PstI.TP53152","Sobic.006G219600.3","Chr06",56679001,56687527,8527,"+"
"288","PstI.TP532325","Sobic.005G104600.1","Chr05",18806002,18807987,1986,"+"
"289","PstI.TP57213","Sobic.001G305900.1","Chr01",58998698,59003294,4597,"+"
"290","PstI.TP57213","Sobic.001G306000.3","Chr01",59003657,59006974,3318,"+"
"291","PstI.TP57213","Sobic.001G306000.1","Chr01",59003709,59006974,3266,"+"
"292","PstI.TP57213","Sobic.001G306000.2","Chr01",59003709,59006974,3266,"+"
"293","PstI.TP57213","Sobic.001G306000.4","Chr01",59003709,59006974,3266,"+"
"294","PstI.TP57213","Sobic.001G306101.1","Chr01",59012427,59013185,759,"+"
"295","PstI.TP65271","Sobic.003G029900.1","Chr03",2655907,2661093,5187,"+"
"296","PstI.TP678255","Sobic.001G390900.1","Chr01",67737977,67743372,5396,"+"
"297","PstI.TP678255","Sobic.001G390900.2","Chr01",67738026,67743372,5347,"+"
"298","PstI.TP678255","Sobic.001G391000.1","Chr01",67743703,67746828,3126,"-"
"299","PstI.TP678255","Sobic.001G391101.1","Chr01",67747431,67750265,2835,"-"
"300","PstI.TP678255","Sobic.001G391200.1","Chr01",67750627,67754227,3601,"-"
"301","PstI.TP729855","Sobic.003G324500.1","Chr03",65120997,65121530,534,"+"
"302","PstI.TP729855","Sobic.003G324600.1","Chr03",65124588,65129402,4815,"-"
"303","PstI.TP770204","Sobic.003G356900.1","Chr03",67522292,67525446,3155,"+"
"304","PstI.TP770204","Sobic.003G357000.1","Chr03",67532421,67533163,743,"-"
"305","PstI.TP774948","Sobic.009G003000.1","Chr09",232447,243556,11110,"-"
"306","PstI.TP774948","Sobic.009G003000.2","Chr09",232447,243556,11110,"-"
"307","PstI.TP775725","Sobic.001G012500.1","Chr01",1169607,1171117,1511,"-"
"308","PstI.TP775725","Sobic.001G012500.2","Chr01",1169607,1171177,1571,"-"
"309","PstI.TP775725","Sobic.001G012600.1","Chr01",1173739,1176242,2504,"-"
"310","PstI.TP775725","Sobic.001G012600.2","Chr01",1173739,1176242,2504,"-"
"311","PstI.TP775845","Sobic.001G164000.1","Chr01",13541881,13542563,683,"+"
"312","PstI.TP775845","Sobic.001G163732.1","Chr01",13526581,13527242,662,"-"
"313","PstI.TP775845","Sobic.001G163800.1","Chr01",13533536,13536173,2638,"-"
"314","PstI.TP775845","Sobic.001G163800.2","Chr01",13533536,13536173,2638,"-"
"315","PstI.TP775845","Sobic.001G163900.1","Chr01",13538720,13542764,4045,"-"
"316","PstI.TP790069","Sobic.002G007250.1","Chr02",689773,690594,822,"+"
"317","PstI.TP790069","Sobic.002G007500.1","Chr02",703524,704987,1464,"+"
"318","PstI.TP790069","Sobic.002G007600.1","Chr02",709044,710007,964,"+"
"319","PstI.TP790069","Sobic.002G007300.1","Chr02",690751,695119,4369,"-"
"320","PstI.TP790069","Sobic.002G007400.1","Chr02",698947,700577,1631,"-"
"321","PstI.TP833228","Sobic.002G142500.1","Chr02",23341537,23347723,6187,"-"
"322","PstI.TP833228","Sobic.002G142500.2","Chr02",23341537,23347723,6187,"-"
"323","PstI.TP881184","Sobic.002G418300.1","Chr02",76615451,76620614,5164,"-"
"324","PstI.TP881184","Sobic.002G418400.1","Chr02",76622211,76623952,1742,"-"
"325","PstI.TP881184","Sobic.002G418500.1","Chr02",76629585,76632298,2714,"-"
"326","PstI.TP947087","Sobic.002G111800.1","Chr02",13600924,13606432,5509,"+"
"327","PstI.TP947087","Sobic.002G111900.1","Chr02",13606990,13611602,4613,"-"
"328","PstI.TP982120","Sobic.002G138200.2","Chr02",21427784,21432060,4277,"+"
"329","PstI.TP982120","Sobic.002G138200.1","Chr02",21428726,21432060,3335,"+"
"330","PstI.TP982120","Sobic.002G138300.1","Chr02",21432321,21435715,3395,"-"
"331","PstI.TP982139","Sobic.004G141200.1","Chr04",41444148,41445740,1593,"+"
"332","NsiI.TP128483","Sobic.010G254300.1","Chr10",59308285,59312489,4205,"+"
"333","NsiI.TP128483","Sobic.010G254200.2","Chr10",59294356,59299852,5497,"-"
"334","NsiI.TP128483","Sobic.010G254200.5","Chr10",59294663,59299852,5190,"-"
"335","NsiI.TP128483","Sobic.010G254401.1","Chr10",59314161,59315373,1213,"-"
"336","NsiI.TP224586","Sobic.003G046300.1","Chr03",4229020,4237524,8505,"-"
"337","NsiI.TP224586","Sobic.003G046400.2","Chr03",4238060,4248215,10156,"-"
"338","NsiI.TP224586","Sobic.003G046400.3","Chr03",4238060,4248215,10156,"-"
"339","NsiI.TP224586","Sobic.003G046400.5","Chr03",4238060,4248215,10156,"-"
"340","NsiI.TP299143","Sobic.010G083700.1","Chr10",7138579,7147096,8518,"-"
"341","NsiI.TP299143","Sobic.010G083900.1","Chr10",7149116,7158566,9451,"-"
"342","NsiI.TP424080","Sobic.008G187450.1","Chr08",62205130,62206641,1512,"+"
"343","NsiI.TP424080","Sobic.008G187566.1","Chr08",62209984,62211116,1133,"+"
"344","NsiI.TP424080","Sobic.008G187400.2","Chr08",62193789,62201413,7625,"-"
"345","NsiI.TP424080","Sobic.008G187400.1","Chr08",62199421,62201413,1993,"-"
"346","NsiI.TP424080","Sobic.008G187500.1","Chr08",62206984,62207628,645,"-"
"347","NsiI.TP424080","Sobic.008G187632.1","Chr08",62212099,62214380,2282,"-"
"348","NsiI.TP424080","Sobic.008G187700.1","Chr08",62220131,62220595,465,"-"
"349","NsiI.TP504649","Sobic.004G340000.1","Chr04",67181047,67182283,1237,"+"
"350","NsiI.TP504649","Sobic.004G339900.2","Chr04",67170234,67175084,4851,"-"
"351","NsiI.TP504649","Sobic.004G339900.1","Chr04",67170234,67175475,5242,"-"
"352","NsiI.TP512189","Sobic.003G285300.1","Chr03",61875027,61876644,1618,"+"
"353","NsiI.TP512189","Sobic.003G285400.1","Chr03",61876934,61877828,895,"+"
"354","NsiI.TP512189","Sobic.003G285600.1","Chr03",61881940,61888207,6268,"+"
"355","NsiI.TP512189","Sobic.003G285500.1","Chr03",61880213,61882652,2440,"-"
"356","NsiI.TP512189","Sobic.003G285700.1","Chr03",61889763,61895885,6123,"-"
"357","NsiI.TP512189","Sobic.003G285700.2","Chr03",61889763,61895885,6123,"-"
"358","NsiI.TP624872","Sobic.004G259101.1","Chr04",60439416,60456664,17249,"-"
"359","NsiI.TP624872","Sobic.004G259200.2","Chr04",60460359,60463736,3378,"-"
"360","NsiI.TP624872","Sobic.004G259200.1","Chr04",60460359,60464051,3693,"-"
"361","NsiI.TP641200","Sobic.001G040900.1","Chr01",3050241,3051916,1676,"+"
"362","NsiI.TP641200","Sobic.001G041000.1","Chr01",3053758,3055583,1826,"+"
"363","NsiI.TP641200","Sobic.001G041200.1","Chr01",3057449,3061041,3593,"+"
"364","NsiI.TP641200","Sobic.001G040800.1","Chr01",3040202,3042981,2780,"-"
"365","NsiI.TP641200","Sobic.001G041100.1","Chr01",3055765,3057351,1587,"-"
"366","NsiI.TP702393","Sobic.007G131900.1","Chr07",54887449,54891358,3910,"-"
"367","NsiI.TP702393","Sobic.007G131900.2","Chr07",54887449,54891358,3910,"-"
"368","NsiI.TP702393","Sobic.007G131950.1","Chr07",54907011,54910266,3256,"-"
"369","NsiI.TP718157","Sobic.003G097900.1","Chr03",8626250,8627845,1596,"-"
"370","NsiI.TP718157","Sobic.003G097900.2","Chr03",8626250,8627845,1596,"-"
"371","NsiI.TP724799","Sobic.004G353300.1","Chr04",68140107,68146286,6180,"+"
"372","NsiI.TP724799","Sobic.004G353200.1","Chr04",68135946,68140167,4222,"-"
"373","NsiI.TP724799","Sobic.004G353400.1","Chr04",68146887,68152858,5972,"-"
"374","PstI.TP1009084","Sobic.008G041000.1","Chr08",3967280,3978791,11512,"+"
"375","PstI.TP1009084","Sobic.008G041100.1","Chr08",3974205,3975994,1790,"-"
"376","PstI.TP108989","Sobic.001G034100.1","Chr01",2587306,2590571,3266,"+"
"377","PstI.TP108989","Sobic.001G034200.1","Chr01",2592125,2595232,3108,"+"
"378","PstI.TP108989","Sobic.001G034050.1","Chr01",2582310,2582832,523,"-"
"379","PstI.TP110898","Sobic.010G104800.1","Chr10",9868809,9873508,4700,"-"
"380","PstI.TP110898","Sobic.010G104900.1","Chr10",9875884,9881144,5261,"-"
"381","PstI.TP110898","Sobic.010G104900.3","Chr10",9875884,9881144,5261,"-"
"382","PstI.TP110898","Sobic.010G104900.4","Chr10",9875884,9881144,5261,"-"
"383","PstI.TP110898","Sobic.010G104900.2","Chr10",9876675,9881144,4470,"-"
"384","PstI.TP110898","Sobic.010G105000.1","Chr10",9886926,9890083,3158,"-"
"385","PstI.TP1257104","Sobic.003G031700.2","Chr03",2914395,2921309,6915,"+"
"386","PstI.TP1257104","Sobic.003G031700.1","Chr03",2914465,2921309,6845,"+"
"387","PstI.TP1257104","Sobic.003G031750.1","Chr03",2923619,2924591,973,"-"
"388","PstI.TP234382","Sobic.001G393200.1","Chr01",67936807,67937472,666,"-"
"389","PstI.TP234382","Sobic.001G393300.1","Chr01",67949101,67978699,29599,"-"
"390","PstI.TP312639","Sobic.002G040550.1","Chr02",3912164,3913536,1373,"+"
"391","PstI.TP312639","Sobic.002G040550.2","Chr02",3912164,3913536,1373,"+"
"392","PstI.TP312639","Sobic.002G040400.1","Chr02",3900660,3902719,2060,"-"
"393","PstI.TP312639","Sobic.002G040500.1","Chr02",3910722,3912341,1620,"-"
"394","PstI.TP312639","Sobic.002G040600.1","Chr02",3916146,3918931,2786,"-"
"395","PstI.TP349355","Sobic.004G167200.1","Chr04",51726006,51731422,5417,"+"
"396","PstI.TP349355","Sobic.004G167300.1","Chr04",51736984,51738388,1405,"-"
"397","PstI.TP392482","Sobic.001G195932.1","Chr01",17597021,17603561,6541,"+"
"398","PstI.TP392482","Sobic.001G196000.1","Chr01",17610486,17622072,11587,"+"
"399","PstI.TP642933","Sobic.006G225300.2","Chr06",57082796,57088549,5754,"+"
"400","PstI.TP642933","Sobic.006G225300.1","Chr06",57085351,57088549,3199,"+"
"401","PstI.TP642933","Sobic.006G225500.1","Chr06",57096038,57097017,980,"+"
"402","PstI.TP642933","Sobic.006G225400.1","Chr06",57089503,57093834,4332,"-"
"403","PstI.TP642933","Sobic.006G225600.1","Chr06",57100794,57104463,3670,"-"
"404","PstI.TP642933","Sobic.006G225600.2","Chr06",57100794,57104463,3670,"-"
"405","PstI.TP65061","Sobic.002G373600.1","Chr02",73153554,73160861,7308,"+"
"406","PstI.TP65061","Sobic.002G373600.2","Chr02",73154355,73160861,6507,"+"
"407","PstI.TP65061","Sobic.002G373700.1","Chr02",73163583,73166165,2583,"+"
"408","PstI.TP65061","Sobic.002G373800.1","Chr02",73167726,73170579,2854,"-"
"409","PstI.TP727705","Sobic.004G034900.1","Chr04",2812176,2823116,10941,"+"
"410","PstI.TP727705","Sobic.004G035000.1","Chr04",2825467,2828762,3296,"+"
"411","PstI.TP727705","Sobic.004G035100.1","Chr04",2829399,2833409,4011,"+"
"412","PstI.TP727705","Sobic.004G035200.1","Chr04",2837130,2841378,4249,"+"
"413","PstI.TP789647","Sobic.003G379500.3","Chr03",69335724,69347208,11485,"+"
"414","PstI.TP789647","Sobic.003G379500.4","Chr03",69335724,69349190,13467,"+"
"415","PstI.TP789647","Sobic.003G379800.1","Chr03",69362960,69366951,3992,"+"
"416","PstI.TP789647","Sobic.003G379600.1","Chr03",69338902,69344550,5649,"-"
"417","PstI.TP789647","Sobic.003G379700.1","Chr03",69351545,69356137,4593,"-"
"418","PstI.TP789647","Sobic.003G379700.2","Chr03",69351545,69356140,4596,"-"
"419","PstI.TP841525","Sobic.003G257100.1","Chr03",59529078,59534732,5655,"+"
"420","PstI.TP841525","Sobic.003G257200.1","Chr03",59537652,59544647,6996,"+"
"421","PstI.TP980214","Sobic.001G135500.1","Chr01",10677948,10687148,9201,"+"
"422","PstI.TP980214","Sobic.001G135600.1","Chr01",10687166,10691438,4273,"-"
"423","PstI.TP980214","Sobic.001G135600.2","Chr01",10688796,10691438,2643,"-"
"424","PstI.TP980214","Sobic.001G135650.1","Chr01",10692782,10693267,486,"-"
"425","PstI.TP980214","Sobic.001G135700.1","Chr01",10696483,10696955,473,"-"
"426","PstI.TP980214","Sobic.001G135800.1","Chr01",10697099,10697955,857,"-"
