"","SNP","Chromosome.x","Position.x","P.value.x","MAF.x","nobs.x","Rsquare.of.Model.without.SNP.x","Rsquare.of.Model.with.SNP.x","FDR_Adjusted_P.values.x","effect.x","Adj.P.P.value.x","Ind.SNP.x","PS.x","Software.x","Method.x","Trait.name.x","PVE.x","QTN.effect.x","LOD.score.x","Genotype.for.code.1.x","Var_error.x","Var_phen..total..x","X.x","P.value.1.x","Chromosome.y","Position.y","P.value.y","MAF.y","nobs.y","Rsquare.of.Model.without.SNP.y","Rsquare.of.Model.with.SNP.y","FDR_Adjusted_P.values.y","effect.y","Adj.P.P.value.y","Ind.SNP.y","PS.y","Software.y","Method.y","Trait.name.y","PVE.y","QTN.effect.y","LOD.score.y","Genotype.for.code.1.y","Var_error.y","Var_phen..total..y","X.y","P.value.1.y"
"OWA19.1","GFSSContig17769_257",3,9603539,6.11223438898411e-07,0.3402,NA,NA,NA,NA,NA,NA,"122+35256im","PS_N","mrMLMM","pLARmEB","OWA19",3.2184e-06,-1.1707e-05,5.4021,"T",NA,NA,NA,6e-07,3,9603539,6.11223438898411e-07,0.3402,NA,NA,NA,NA,NA,NA,"122+35256im","PS_N","mrMLMM","pLARmEB","OWA19",3.2184e-06,-1.1707e-05,5.4021,"T",NA,NA,NA,6e-07
"OWA19.2","GFSSContig7996_485",6,54332713,0.00015969819223383,0.3238,NA,NA,NA,NA,NA,NA,"122+35256im","PS_Y","mrMLMM","pLARmEB","OWA19",3.4747,0.0051,3.0954,"T",NA,NA,NA,2e-04,6,54332713,0.00015969819223383,0.3238,NA,NA,NA,NA,NA,NA,"122+35256im","PS_Y","mrMLMM","pLARmEB","OWA19",3.4747,0.0051,3.0954,"T",NA,NA,NA,2e-04
"OWA19.3","NsiI.TP101365",10,58707662,4.0206780832426e-06,0.362745098039216,NA,NA,NA,NA,0.00555001697767057,0.00377005581605381,"O102+4322","PS_Y","FarmCPU","FarmCPU","OWA19",3.18700309651387,NA,NA,NA,NA,NA,68,4e-06,10,58707662,4.0206780832426e-06,0.362745098039216,NA,NA,NA,NA,0.00555001697767057,0.00377005581605381,"O102+4322","PS_Y","FarmCPU","FarmCPU","OWA19",3.18700309651387,NA,NA,NA,NA,NA,68,4e-06
"OWA19.4","NsiI.TP111617",5,61371701,8.82266928217716e-07,0.1292,NA,NA,NA,NA,NA,NA,"122+35256im","PS_Y","mrMLMM","mrMLM","OWA19",2.285,-0.0069,5.2485,"C",NA,NA,NA,9e-07,5,61371701,1.87283708301755e-05,0.127,NA,NA,NA,NA,NA,NA,"122+35256im","PS_N","mrMLMM","FASTmrMLM","OWA19",3.1358,-0.0072,3.9771,"C",NA,NA,NA,2e-05
"OWA19.5","NsiI.TP127610",1,69282032,3.33272899576138e-05,0.3284,NA,NA,NA,NA,NA,NA,"O102+4322","PS_Y","mrMLMM","pLARmEB","OWA19",0.4329,0.0032,3.739,"G",NA,NA,NA,3e-05,1,69282032,3.33272899576138e-05,0.3284,NA,NA,NA,NA,NA,NA,"O102+4322","PS_Y","mrMLMM","pLARmEB","OWA19",0.4329,0.0032,3.739,"G",NA,NA,NA,3e-05
"OWA19.6","NsiI.TP129565",9,44786093,1.29897262889785e-06,0.1083,NA,NA,NA,NA,NA,NA,"122+35256im","PS_Y","mrMLMM","mrMLM","OWA19",8.8945,0.0064,5.0868,"A",NA,NA,NA,1e-06,9,44786093,1.29897262889785e-06,0.1083,NA,NA,NA,NA,NA,NA,"122+35256im","PS_Y","mrMLMM","mrMLM","OWA19",8.8945,0.0064,5.0868,"A",NA,NA,NA,1e-06
"OWA19.7","NsiI.TP150122",11,10788,3.89941986676544e-06,0.0656,NA,NA,NA,NA,NA,NA,"122+35256im","PS_Y","mrMLMM","FASTmrMLM","OWA19",5.8105,-0.0103,4.6284,"A",NA,NA,NA,4e-06,11,10788,9.46673020034698e-07,0.0656,NA,NA,NA,NA,NA,NA,"122+35256im","PS_Y","mrMLMM","ISIS EM-BLASSO","OWA19",7.2503,-0.0111,5.219,"A",NA,NA,NA,9e-07
"OWA19.8","NsiI.TP164112",2,75774037,1.04397052870878e-05,0.0587458932154452,112,NA,NA,0.039490422328114,NA,0.039490422328114,"122+35256im","PS_Y","GAPIT","CMLM+SUPER","OWA19",0.00716100311510206,NA,NA,NA,NA,NA,2824,1e-05,2,75774037,1.04397052870878e-05,0.0587458932154452,112,NA,NA,0.039490422328114,NA,0.039490422328114,"122+35256im","PS_Y","GAPIT","CMLM+SUPER","OWA19",0.00716100311510206,NA,NA,NA,NA,NA,2824,1e-05
"OWA19.9","NsiI.TP169382",9,55737180,1.0181224173777e-07,0.377,NA,NA,NA,NA,NA,NA,"122+35256im","PS_Y","mrMLMM","FASTmrMLM","OWA19",3.0233,0.0075,6.154,"C",NA,NA,NA,1e-07,9,55737180,1.0181224173777e-07,0.377,NA,NA,NA,NA,NA,NA,"122+35256im","PS_Y","mrMLMM","FASTmrMLM","OWA19",3.0233,0.0075,6.154,"C",NA,NA,NA,1e-07
"OWA19.10","NsiI.TP182487",11,11165,8.14141700570775e-08,0.0164,NA,NA,NA,NA,NA,NA,"122+35256im","PS_N","mrMLMM","pLARmEB","OWA19",0,-1.117e-05,6.248,"C",NA,NA,NA,8e-08,11,11165,8.14141700570775e-08,0.0164,NA,NA,NA,NA,NA,NA,"122+35256im","PS_N","mrMLMM","pLARmEB","OWA19",0,-1.117e-05,6.248,"C",NA,NA,NA,8e-08
"OWA19.11","NsiI.TP191037",11,11248,1.43926807808949e-05,0.119076890831059,112,NA,NA,0.0447332515312445,NA,0.0447332515312445,"122+35256im","PS_Y","GAPIT","CMLM+SUPER","OWA19",0.0605324563028724,NA,NA,NA,NA,NA,2825,1e-05,11,11248,1.43926807808949e-05,0.119076890831059,112,NA,NA,0.0447332515312445,NA,0.0447332515312445,"122+35256im","PS_Y","GAPIT","CMLM+SUPER","OWA19",0.0605324563028724,NA,NA,NA,NA,NA,2825,1e-05
"OWA19.12","NsiI.TP195995",2,68227771,8.44806915578865e-06,0.401960784313726,NA,NA,NA,NA,0.00564886264571232,0.00396073642253891,"O102+4322","PS_N","FarmCPU","FarmCPU","OWA19",7.55018235842625,NA,NA,NA,NA,NA,735,8e-06,2,68227771,8.44806915578865e-06,0.401960784313726,NA,NA,NA,NA,0.00564886264571232,0.00396073642253891,"O102+4322","PS_N","FarmCPU","FarmCPU","OWA19",7.55018235842625,NA,NA,NA,NA,NA,735,8e-06
"OWA19.13","NsiI.TP204910",2,65965770,2.76566771505015e-24,0.0343,NA,NA,NA,NA,NA,NA,"O102+4322","PS_N","mrMLMM","FASTmrMLM","OWA19",0.1146,0.0011,22.4496,"G",NA,NA,NA,3e-24,2,65965770,2.76566771505015e-24,0.0343,NA,NA,NA,NA,NA,NA,"O102+4322","PS_N","mrMLMM","FASTmrMLM","OWA19",0.1146,0.0011,22.4496,"G",NA,NA,NA,3e-24
"OWA19.14","NsiI.TP208625",8,50606712,4.64943306687543e-05,0.041,NA,NA,NA,NA,NA,NA,"122+35256im","PS_Y","mrMLMM","FASTmrMLM","OWA19",38.5407,0.0124,3.6017,"A",NA,NA,NA,5e-05,8,50606712,4.64943306687543e-05,0.041,NA,NA,NA,NA,NA,NA,"122+35256im","PS_Y","mrMLMM","FASTmrMLM","OWA19",38.5407,0.0124,3.6017,"A",NA,NA,NA,5e-05
"OWA19.15","NsiI.TP228522",10,8197919,2.31259722406395e-05,0.3527,NA,NA,NA,NA,NA,NA,"O112+3450","PS_N","mrMLMM","pLARmEB","OWA19",5.8429e-05,3.0983e-05,3.8899,"C",NA,NA,NA,2e-05,10,8197919,2.31259722406395e-05,0.3527,NA,NA,NA,NA,NA,NA,"O112+3450","PS_N","mrMLMM","pLARmEB","OWA19",5.8429e-05,3.0983e-05,3.8899,"C",NA,NA,NA,2e-05
"OWA19.16","NsiI.TP241500",1,68301853,2.26191450150057e-05,0.110194392944901,112,NA,NA,0.0499110284043614,NA,0.0499110284043613,"122+35256im","PS_Y","GAPIT","CMLM+SUPER","OWA19",0.681762640013006,NA,NA,NA,NA,NA,2829,2e-05,1,68301853,2.26191450150057e-05,0.110194392944901,112,NA,NA,0.0499110284043614,NA,0.0499110284043613,"122+35256im","PS_Y","GAPIT","CMLM+SUPER","OWA19",0.681762640013006,NA,NA,NA,NA,NA,2829,2e-05
"OWA19.17","NsiI.TP349989",9,48138,7.49894209332456e-05,0.2049,NA,NA,NA,NA,NA,NA,"122+35256im","PS_Y","mrMLMM","pLARmEB","OWA19",0.3393,-0.0039,3.4051,"A",NA,NA,NA,7e-05,9,48138,7.49894209332456e-05,0.2049,NA,NA,NA,NA,NA,NA,"122+35256im","PS_Y","mrMLMM","pLARmEB","OWA19",0.3393,-0.0039,3.4051,"A",NA,NA,NA,7e-05
"OWA19.18","NsiI.TP360999",1,10465743,1.22971409016107e-05,0.0860655737704918,NA,NA,NA,NA,0.0161545222152434,0.00681671510645953,"O122+2646","PS_Y","FarmCPU","FarmCPU","OWA19",0.00491730837298002,NA,NA,NA,NA,NA,78,1e-05,1,10465743,1.22971409016107e-05,0.0860655737704918,NA,NA,NA,NA,0.0161545222152434,0.00681671510645953,"O122+2646","PS_Y","FarmCPU","FarmCPU","OWA19",0.00491730837298002,NA,NA,NA,NA,NA,78,1e-05
"OWA19.19","NsiI.TP408031",2,72193245,4.76430986805416e-05,0.0492,NA,NA,NA,NA,NA,NA,"122+35256im","PS_N","mrMLMM","pLARmEB","OWA19",1.4886e-06,-2.2236e-05,3.5917,"C",NA,NA,NA,5e-05,2,72193245,4.76430986805416e-05,0.0492,NA,NA,NA,NA,NA,NA,"122+35256im","PS_N","mrMLMM","pLARmEB","OWA19",1.4886e-06,-2.2236e-05,3.5917,"C",NA,NA,NA,5e-05
"OWA19.20","NsiI.TP422411",3,70832262,2.64805222125237e-06,0.056576111140859,112,NA,NA,0.0228364345001253,NA,0.0228364345001253,"122+35256im","PS_Y","GAPIT","CMLM+SUPER","OWA19",0.821332693226089,NA,NA,NA,NA,NA,2819,3e-06,3,70832262,2.64805222125237e-06,0.056576111140859,112,NA,NA,0.0228364345001253,NA,0.0228364345001253,"122+35256im","PS_Y","GAPIT","CMLM+SUPER","OWA19",0.821332693226089,NA,NA,NA,NA,NA,2819,3e-06
"OWA19.21","NsiI.TP422621",11,13856,3.3969674240338e-06,0.0828685616621332,112,NA,NA,0.0228364345001253,NA,0.0228364345001253,"122+35256im","PS_Y","GAPIT","CMLM+SUPER","OWA19",0.559286678764102,NA,NA,NA,NA,NA,2820,3e-06,11,13856,3.3969674240338e-06,0.0828685616621332,112,NA,NA,0.0228364345001253,NA,0.0228364345001253,"122+35256im","PS_Y","GAPIT","CMLM+SUPER","OWA19",0.559286678764102,NA,NA,NA,NA,NA,2820,3e-06
"OWA19.22","NsiI.TP424080",8,62210912,8.06491881595098e-08,0.041,NA,NA,NA,NA,NA,NA,"O122+2646","PS_Y","mrMLMM","FASTmrEMMA","OWA19",14.2891,-0.0452,6.252,"A",NA,NA,NA,8e-08,8,62210912,8.06491881595098e-08,0.041,NA,NA,NA,NA,NA,NA,"O122+2646","PS_Y","mrMLMM","FASTmrEMMA","OWA19",14.2891,-0.0452,6.252,"A",NA,NA,NA,8e-08
"OWA19.23","NsiI.TP440500",9,59299455,3.14471918576572e-05,0.0588235294117647,NA,NA,NA,NA,-0.0116487867299472,0.0110576188369487,"O102+4322","PS_N","FarmCPU","FarmCPU","OWA19",9.97028434565623,NA,NA,NA,NA,NA,739,3e-05,9,59299455,3.14471918576572e-05,0.0588235294117647,NA,NA,NA,NA,-0.0116487867299472,0.0110576188369487,"O102+4322","PS_N","FarmCPU","FarmCPU","OWA19",9.97028434565623,NA,NA,NA,NA,NA,739,3e-05
"OWA19.24","NsiI.TP444479",2,69620402,4.82280830381648e-08,0.025,NA,NA,NA,NA,NA,NA,"122+35256im","PS_Y","mrMLMM","mrMLM","OWA19",23.1256,0.0152,6.4683,"C",NA,NA,NA,5e-08,2,69620402,4.55407312683254e-06,0.0246,NA,NA,NA,NA,NA,NA,"122+35256im","PS_N","mrMLMM","FASTmrMLM","OWA19",26.0684,0.0143,4.5638,"C",NA,NA,NA,5e-06
"OWA19.25","NsiI.TP460633",4,62266318,8.85727237257776e-06,0.041,NA,NA,NA,NA,NA,NA,"122+35256im","PS_N","mrMLMM","ISIS EM-BLASSO","OWA19",4.0822,-0.0093,4.2874,"C",2e-04,3e-04,NA,9e-06,4,62266318,4.896483077604e-06,NA,NA,NA,NA,NA,NA,NA,"122+35256im","PCA=3","rrBLUP","rrBLUP","OWA19",15.7579345004882,NA,NA,NA,NA,NA,255,5e-06
"OWA19.26","NsiI.TP468343",3,70187996,3.36124369047054e-05,0.3167,NA,NA,NA,NA,NA,NA,"122+35256im","PS_Y","mrMLMM","mrMLM","OWA19",2.4089,-0.0038,3.7355,"A",NA,NA,NA,3e-05,3,70187996,3.36124369047054e-05,0.3167,NA,NA,NA,NA,NA,NA,"122+35256im","PS_Y","mrMLMM","mrMLM","OWA19",2.4089,-0.0038,3.7355,"A",NA,NA,NA,3e-05
"OWA19.27","NsiI.TP474172",1,62376131,8.03896244857127e-10,0.1542,NA,NA,NA,NA,NA,NA,"122+35256im","PS_Y","mrMLMM","mrMLM","OWA19",17.4437,-0.0125,8.1978,"C",NA,NA,NA,8e-10,1,62376131,8.03896244857127e-10,0.1542,NA,NA,NA,NA,NA,NA,"122+35256im","PS_Y","mrMLMM","mrMLM","OWA19",17.4437,-0.0125,8.1978,"C",NA,NA,NA,8e-10
"OWA19.28","NsiI.TP476303",11,14864,3.44974273954837e-06,0.078063740672985,112,NA,NA,0.0228364345001253,NA,0.0228364345001253,"122+35256im","PS_Y","GAPIT","CMLM+SUPER","OWA19",0.302705187682233,NA,NA,NA,NA,NA,2821,3e-06,11,14864,3.44974273954837e-06,0.078063740672985,112,NA,NA,0.0228364345001253,NA,0.0228364345001253,"122+35256im","PS_Y","GAPIT","CMLM+SUPER","OWA19",0.302705187682233,NA,NA,NA,NA,NA,2821,3e-06
"OWA19.29","NsiI.TP486731",2,76163097,2.07889004584532e-05,0.0790502523821679,112,NA,NA,0.0499110284043614,NA,0.0499110284043613,"122+35256im","PS_Y","GAPIT","CMLM+SUPER","OWA19",0.0419007668932063,NA,NA,NA,NA,NA,2828,2e-05,2,76163097,2.07889004584532e-05,0.0790502523821679,112,NA,NA,0.0499110284043614,NA,0.0499110284043613,"122+35256im","PS_Y","GAPIT","CMLM+SUPER","OWA19",0.0419007668932063,NA,NA,NA,NA,NA,2828,2e-05
"OWA19.30","NsiI.TP487417",2,22482603,3.72220253017849e-19,0.0637,NA,NA,NA,NA,NA,NA,"O102+4322","PS_N","mrMLMM","FASTmrMLM","OWA19",0.0405,5e-04,17.3749,"A",NA,NA,NA,4e-19,2,22482603,3.72220253017849e-19,0.0637,NA,NA,NA,NA,NA,NA,"O102+4322","PS_N","mrMLMM","FASTmrMLM","OWA19",0.0405,5e-04,17.3749,"A",NA,NA,NA,4e-19
"OWA19.31","NsiI.TP501941",3,65413138,6.15743732557065e-05,0.0245,NA,NA,NA,NA,NA,NA,"O102+4322","PS_N","mrMLMM","FASTmrMLM","OWA19",0.0018,2e-04,3.4861,"C",NA,NA,NA,6e-05,3,65413138,6.15743732557065e-05,0.0245,NA,NA,NA,NA,NA,NA,"O102+4322","PS_N","mrMLMM","FASTmrMLM","OWA19",0.0018,2e-04,3.4861,"C",NA,NA,NA,6e-05
"OWA19.32","NsiI.TP523625",4,62611853,2.34476865610148e-06,0.0738,NA,NA,NA,NA,NA,NA,"122+35256im","PS_N","mrMLMM","FASTmrMLM","OWA19",7.0541,0.0056,4.8403,"C",NA,NA,NA,2e-06,4,62611853,2.34476865610148e-06,0.0738,NA,NA,NA,NA,NA,NA,"122+35256im","PS_N","mrMLMM","FASTmrMLM","OWA19",7.0541,0.0056,4.8403,"C",NA,NA,NA,2e-06
"OWA19.33","NsiI.TP554032",3,50563424,1.00392206590702e-05,0.2254,NA,NA,NA,NA,NA,NA,"122+35256im","PS_Y","mrMLMM","ISIS EM-BLASSO","OWA19",9.6979,0.0052,4.2354,"A",NA,NA,NA,1e-05,3,50563424,1.00392206590702e-05,0.2254,NA,NA,NA,NA,NA,NA,"122+35256im","PS_Y","mrMLMM","ISIS EM-BLASSO","OWA19",9.6979,0.0052,4.2354,"A",NA,NA,NA,1e-05
"OWA19.34","NsiI.TP58591",1,11198433,1.44743809966616e-06,0.3083,NA,NA,NA,NA,NA,NA,"122+35256im","PS_Y","mrMLMM","mrMLM","OWA19",8.0227,0.006,5.0416,"A",NA,NA,NA,1e-06,1,11198433,1.44743809966616e-06,0.3083,NA,NA,NA,NA,NA,NA,"122+35256im","PS_Y","mrMLMM","mrMLM","OWA19",8.0227,0.006,5.0416,"A",NA,NA,NA,1e-06
"OWA19.35","NsiI.TP60110",11,9843,9.27470275918869e-08,0.1516,NA,NA,NA,NA,NA,NA,"122+35256im","PS_Y","mrMLMM","pLARmEB","OWA19",2.7168,0.0111,6.1932,"A",NA,NA,NA,9e-08,11,9843,9.27470275918869e-08,0.1516,NA,NA,NA,NA,NA,NA,"122+35256im","PS_Y","mrMLMM","pLARmEB","OWA19",2.7168,0.0111,6.1932,"A",NA,NA,NA,9e-08
"OWA19.36","NsiI.TP614629",2,62417756,4.72171750310878e-22,0.0294,NA,NA,NA,NA,NA,NA,"O102+4322","PS_N","mrMLMM","FASTmrMLM","OWA19",0.0075,3e-04,20.2393,"C",NA,NA,NA,5e-22,2,62417756,4.72171750310878e-22,0.0294,NA,NA,NA,NA,NA,NA,"O102+4322","PS_N","mrMLMM","FASTmrMLM","OWA19",0.0075,3e-04,20.2393,"C",NA,NA,NA,5e-22
"OWA19.37","NsiI.TP640755",2,16850781,0.000110624285956229,0.0580357142857143,NA,NA,NA,NA,-0.0138135008653207,0.0344199564018095,"O112+3450","PS_Y","FarmCPU","FarmCPU","OWA19",7.0745836919567,NA,NA,NA,NA,NA,73,1e-04,2,16850781,0.000110624285956229,0.0580357142857143,NA,NA,NA,NA,-0.0138135008653207,0.0344199564018095,"O112+3450","PS_Y","FarmCPU","FarmCPU","OWA19",7.0745836919567,NA,NA,NA,NA,NA,73,1e-04
"OWA19.38","NsiI.TP671324",4,2161341,3.39625272590409e-13,0.0147,NA,NA,NA,NA,NA,NA,"O102+4322","PS_N","mrMLMM","FASTmrMLM","OWA19",0,-2e-04,11.5015,"C",NA,NA,NA,3e-13,4,2161341,3.39625272590409e-13,0.0147,NA,NA,NA,NA,NA,NA,"O102+4322","PS_N","mrMLMM","FASTmrMLM","OWA19",0,-2e-04,11.5015,"C",NA,NA,NA,3e-13
"OWA19.39","NsiI.TP678261",8,55967248,4.38934785534717e-06,0.0205,NA,NA,NA,NA,NA,NA,"122+35256im","PS_N","mrMLMM","pLARmEB","OWA19",0.056,-0.0061,4.5791,"A",NA,NA,NA,4e-06,8,55967248,4.38934785534717e-06,0.0205,NA,NA,NA,NA,NA,NA,"122+35256im","PS_N","mrMLMM","pLARmEB","OWA19",0.056,-0.0061,4.5791,"A",NA,NA,NA,4e-06
"OWA19.40","NsiI.TP732055",11,18109,5.24570035085845e-06,0.050142847635269,112,NA,NA,0.0277801799180762,NA,0.0277801799180762,"122+35256im","PS_Y","GAPIT","CMLM+SUPER","OWA19",0.165110884913947,NA,NA,NA,NA,NA,2822,5e-06,11,18109,5.24570035085845e-06,0.050142847635269,112,NA,NA,0.0277801799180762,NA,0.0277801799180762,"122+35256im","PS_Y","GAPIT","CMLM+SUPER","OWA19",0.165110884913947,NA,NA,NA,NA,NA,2822,5e-06
"OWA19.41","NsiI.TP744543",11,18252,9.33879946451724e-07,0.0965134195673049,112,NA,NA,0.0228364345001253,NA,0.0228364345001253,"122+35256im","PS_Y","GAPIT","CMLM+SUPER","OWA19",0.103715702409744,NA,NA,NA,NA,NA,2818,9e-07,11,18252,9.33879946451724e-07,0.0965134195673049,112,NA,NA,0.0228364345001253,NA,0.0228364345001253,"122+35256im","PS_Y","GAPIT","CMLM+SUPER","OWA19",0.103715702409744,NA,NA,NA,NA,NA,2818,9e-07
"OWA19.42","NsiI.TP756808",10,59848770,1.74960531194733e-05,0.279411764705882,NA,NA,NA,NA,0.00531141382088737,0.00984327948501568,"O102+4322","PS_Y","FarmCPU","FarmCPU","OWA19",4.42412377649219,NA,NA,NA,NA,NA,69,2e-05,10,59848770,1.74960531194733e-05,0.279411764705882,NA,NA,NA,NA,0.00531141382088737,0.00984327948501568,"O102+4322","PS_Y","FarmCPU","FarmCPU","OWA19",4.42412377649219,NA,NA,NA,NA,NA,69,2e-05
"OWA19.43","NsiI.TP806172",2,58871698,7.56310273906106e-06,0.2869,NA,NA,NA,NA,NA,NA,"122+35256im","PS_Y","mrMLMM","FASTmrMLM","OWA19",3.921,0.0049,4.3529,"C",1e-04,3e-04,NA,8e-06,2,58871698,7.56310273906106e-06,0.2869,NA,NA,NA,NA,NA,NA,"122+35256im","PS_Y","mrMLMM","FASTmrMLM","OWA19",3.921,0.0049,4.3529,"C",1e-04,3e-04,NA,8e-06
"OWA19.44","PstI.TP1000873",7,57426488,0.000140896433504064,0.0588,NA,NA,NA,NA,NA,NA,"O102+4322","PS_N","mrMLMM","pLARmEB","OWA19",0,1.1286e-05,3.1466,"G",NA,NA,NA,1e-04,7,57426488,0.000140896433504064,0.0588,NA,NA,NA,NA,NA,NA,"O102+4322","PS_N","mrMLMM","pLARmEB","OWA19",0,1.1286e-05,3.1466,"G",NA,NA,NA,1e-04
"OWA19.45","PstI.TP1010623",3,2603844,0.000141873080923514,0.015,NA,NA,NA,NA,NA,NA,"O102+4322","PS_N","mrMLMM","mrMLM","OWA19",0,-0.0279,3.1438,"C",NA,NA,NA,1e-04,3,2603844,1.44877185354476e-08,0.0134,NA,NA,NA,NA,NA,NA,"O112+3450","PS_Y","mrMLMM","FASTmrEMMA","OWA19",8.7994,-0.0597,6.9752,"C",NA,NA,NA,1e-08
"OWA19.46","PstI.TP1014707",1,60949616,1.47486623089336e-05,0.192622950819672,NA,NA,NA,NA,0.00656311446382241,0.00490540508395132,"O122+2646","PS_N","FarmCPU","FarmCPU","OWA19",1.53012931741923,NA,NA,NA,NA,NA,762,1e-05,1,60949616,1.47486623089336e-05,0.192622950819672,NA,NA,NA,NA,0.00656311446382241,0.00490540508395132,"O122+2646","PS_N","FarmCPU","FarmCPU","OWA19",1.53012931741923,NA,NA,NA,NA,NA,762,1e-05
"OWA19.47","PstI.TP1040489",4,4932783,0.000147876785008306,0.0292,NA,NA,NA,NA,NA,NA,"122+35256im","PS_Y","mrMLMM","mrMLM","OWA19",3.9938,-0.0168,3.1268,"A",NA,NA,NA,1e-04,4,4932783,9.35190313826658e-10,0.0287,NA,NA,NA,NA,NA,NA,"122+35256im","PS_Y","mrMLMM","FASTmrMLM","OWA19",9.2999,-0.0204,8.1337,"A",NA,NA,NA,9e-10
"OWA19.48","PstI.TP1075817",1,10117174,2.24957252942252e-14,0.0167,NA,NA,NA,NA,NA,NA,"122+35256im","PS_Y","mrMLMM","mrMLM","OWA19",21.8535,0.028,12.6603,"A",NA,NA,NA,2e-14,1,10117174,2.24957252942252e-14,0.0167,NA,NA,NA,NA,NA,NA,"122+35256im","PS_Y","mrMLMM","mrMLM","OWA19",21.8535,0.028,12.6603,"A",NA,NA,NA,2e-14
"OWA19.49","PstI.TP1084308",4,42752899,4.50843965686662e-05,0.0737704918032787,NA,NA,NA,NA,0.0111812698855077,0.0149950702987384,"O122+2646","PS_Y","FarmCPU","FarmCPU","OWA19",1.45029208575749,NA,NA,NA,NA,NA,83,5e-05,4,42752899,4.50843965686662e-05,0.0737704918032787,NA,NA,NA,NA,0.0111812698855077,0.0149950702987384,"O122+2646","PS_Y","FarmCPU","FarmCPU","OWA19",1.45029208575749,NA,NA,NA,NA,NA,83,5e-05
"OWA19.50","PstI.TP1094695",1,67135061,1.32220866819026e-07,0.123,NA,NA,NA,NA,NA,NA,"122+35256im","PS_Y","mrMLMM","ISIS EM-BLASSO","OWA19",23.1753,0.0088,6.0442,"C",1e-04,3e-04,NA,1e-07,1,67135061,1.32220866819026e-07,0.123,NA,NA,NA,NA,NA,NA,"122+35256im","PS_Y","mrMLMM","ISIS EM-BLASSO","OWA19",23.1753,0.0088,6.0442,"C",1e-04,3e-04,NA,1e-07
"OWA19.51","PstI.TP1098875",4,67156223,4.00220557743165e-05,0.0535714285714286,NA,NA,NA,NA,0.0152002594846739,0.0124525767823516,"O112+3450","PS_N","FarmCPU","FarmCPU","OWA19",1.36632448057702,NA,NA,NA,NA,NA,751,4e-05,4,67156223,4.00220557743165e-05,0.0535714285714286,NA,NA,NA,NA,0.0152002594846739,0.0124525767823516,"O112+3450","PS_N","FarmCPU","FarmCPU","OWA19",1.36632448057702,NA,NA,NA,NA,NA,751,4e-05
"OWA19.52","PstI.TP1099377",11,7691,9.40805830036588e-05,0.0205,NA,NA,NA,NA,NA,NA,"122+35256im","PS_N","mrMLMM","pLARmEB","OWA19",3.5486e-07,-1.529e-05,3.312,"C",NA,NA,NA,9e-05,11,7691,9.40805830036588e-05,0.0205,NA,NA,NA,NA,NA,NA,"122+35256im","PS_N","mrMLMM","pLARmEB","OWA19",3.5486e-07,-1.529e-05,3.312,"C",NA,NA,NA,9e-05
"OWA19.53","PstI.TP1102210",6,55405319,8.11708324667225e-05,0.3811,NA,NA,NA,NA,NA,NA,"122+35256im","PS_N","mrMLMM","pLARmEB","OWA19",4.803e-06,1.2759e-05,3.3726,"A",NA,NA,NA,8e-05,6,55405319,8.11708324667225e-05,0.3811,NA,NA,NA,NA,NA,NA,"122+35256im","PS_N","mrMLMM","pLARmEB","OWA19",4.803e-06,1.2759e-05,3.3726,"A",NA,NA,NA,8e-05
"OWA19.54","PstI.TP1151255",1,77213117,5.94517237499317e-08,0.0625,NA,NA,NA,NA,-0.0197834976969984,5.76202023116867e-05,"O112+3450","PS_Y","FarmCPU","FarmCPU","OWA19",1.54150087268734,NA,NA,NA,NA,NA,71,6e-08,1,77213117,5.94517237499317e-08,0.0625,NA,NA,NA,NA,-0.0197834976969984,5.76202023116867e-05,"O112+3450","PS_Y","FarmCPU","FarmCPU","OWA19",1.54150087268734,NA,NA,NA,NA,NA,71,6e-08
"OWA19.55","PstI.TP1164091",6,56319647,0.00022678965819475,0.286885245901639,NA,NA,NA,NA,0.00619782459982433,0.0448604110558921,"O122+2646","PS_N","FarmCPU","FarmCPU","OWA19",2.70988770851028,NA,NA,NA,NA,NA,769,2e-04,6,56319647,0.00022678965819475,0.286885245901639,NA,NA,NA,NA,0.00619782459982433,0.0448604110558921,"O122+2646","PS_N","FarmCPU","FarmCPU","OWA19",2.70988770851028,NA,NA,NA,NA,NA,769,2e-04
"OWA19.56","PstI.TP117081",2,45986549,1.56078137598707e-06,0.0803571428571429,NA,NA,NA,NA,0.0147958120526552,0.00140053073117993,"O112+3450","PS_N","FarmCPU","FarmCPU","OWA19",8.77808282440471,NA,NA,NA,NA,NA,748,2e-06,2,45986549,1.56078137598707e-06,0.0803571428571429,NA,NA,NA,NA,0.0147958120526552,0.00140053073117993,"O112+3450","PS_N","FarmCPU","FarmCPU","OWA19",8.77808282440471,NA,NA,NA,NA,NA,748,2e-06
"OWA19.57","PstI.TP1172225",6,3890042,1.78813374869022e-16,0.0147,NA,NA,NA,NA,NA,NA,"O102+4322","PS_N","mrMLMM","FASTmrMLM","OWA19",0.0026,3e-04,14.7282,"C",NA,NA,NA,2e-16,6,3890042,1.78813374869022e-16,0.0147,NA,NA,NA,NA,NA,NA,"O102+4322","PS_N","mrMLMM","FASTmrMLM","OWA19",0.0026,3e-04,14.7282,"C",NA,NA,NA,2e-16
"OWA19.58","PstI.TP1200270",2,13518060,7.76068399701105e-05,0.1125,NA,NA,NA,NA,NA,NA,"O122+2646","PS_Y","mrMLMM","mrMLM","OWA19",1.0833,-0.0107,3.391,"A",NA,NA,NA,8e-05,2,13518060,8.40629508041297e-05,NA,NA,NA,NA,NA,NA,NA,"O122+2646","PCA=3","rrBLUP","rrBLUP","OWA19",13.3295918838533,NA,NA,NA,NA,NA,263,8e-05
"OWA19.59","PstI.TP1220022",5,55219391,0.000100415325412088,0.1189,NA,NA,NA,NA,NA,NA,"122+35256im","PS_N","mrMLMM","pLARmEB","OWA19",4.8092e-05,-6.901e-05,3.2853,"C",NA,NA,NA,1e-04,5,55219391,0.000100415325412088,0.1189,NA,NA,NA,NA,NA,NA,"122+35256im","PS_N","mrMLMM","pLARmEB","OWA19",4.8092e-05,-6.901e-05,3.2853,"C",NA,NA,NA,1e-04
"OWA19.60","PstI.TP1227790",9,48696731,1.82053905481112e-14,0.0134,NA,NA,NA,NA,NA,NA,"O112+3450","PS_N","mrMLMM","pLARmEB","OWA19",7.8696e-07,1.1107e-05,12.7507,"A",NA,NA,NA,2e-14,9,48696731,1.82053905481112e-14,0.0134,NA,NA,NA,NA,NA,NA,"O112+3450","PS_N","mrMLMM","pLARmEB","OWA19",7.8696e-07,1.1107e-05,12.7507,"A",NA,NA,NA,2e-14
"OWA19.61","PstI.TP124945",5,41255313,0.000126881995421561,0.1373,NA,NA,NA,NA,NA,NA,"O102+4322","PS_Y","mrMLMM","pLARmEB","OWA19",0,-0.0077,3.1895,"A",NA,NA,NA,1e-04,5,41255313,1.50323714323932e-05,0.137254901960784,NA,NA,NA,NA,-0.00968313466703176,0.00984327948501568,"O102+4322","PS_Y","FarmCPU","FarmCPU","OWA19",16.3844681400376,NA,NA,NA,NA,NA,67,2e-05
"OWA19.62","PstI.TP1250222",11,8799,2.29252649521529e-08,0.053921568627451,NA,NA,NA,NA,-0.0139135917937616,6.44887703104061e-05,"O102+4322","PS_Y","FarmCPU","FarmCPU","OWA19",10.1752226066053,NA,NA,NA,NA,NA,70,2e-08,11,8799,2.29252649521529e-08,0.053921568627451,NA,NA,NA,NA,-0.0139135917937616,6.44887703104061e-05,"O102+4322","PS_Y","FarmCPU","FarmCPU","OWA19",10.1752226066053,NA,NA,NA,NA,NA,70,2e-08
"OWA19.63","PstI.TP1275729",11,8987,1.93903395430218e-05,0.0628100972815517,112,NA,NA,0.0499110284043614,NA,0.0499110284043613,"122+35256im","PS_Y","GAPIT","CMLM+SUPER","OWA19",0.95210006528015,NA,NA,NA,NA,NA,2827,2e-05,11,8987,1.93903395430218e-05,0.0628100972815517,112,NA,NA,0.0499110284043614,NA,0.0499110284043613,"122+35256im","PS_Y","GAPIT","CMLM+SUPER","OWA19",0.95210006528015,NA,NA,NA,NA,NA,2827,2e-05
"OWA19.64","PstI.TP141051",3,54726050,2.10184168026435e-11,0.0134,NA,NA,NA,NA,NA,NA,"O112+3450","PS_N","mrMLMM","pLARmEB","OWA19",0,-1.4384e-05,9.7445,"C",NA,NA,NA,2e-11,3,54726050,2.10184168026435e-11,0.0134,NA,NA,NA,NA,NA,NA,"O112+3450","PS_N","mrMLMM","pLARmEB","OWA19",0,-1.4384e-05,9.7445,"C",NA,NA,NA,2e-11
"OWA19.65","PstI.TP141494",11,1179,8.96441496830081e-06,0.246397716326819,112,NA,NA,0.039490422328114,NA,0.039490422328114,"122+35256im","PS_Y","GAPIT","CMLM+SUPER","OWA19",0.502889166829372,NA,NA,NA,NA,NA,2823,9e-06,11,1179,8.96441496830081e-06,0.246397716326819,112,NA,NA,0.039490422328114,NA,0.039490422328114,"122+35256im","PS_Y","GAPIT","CMLM+SUPER","OWA19",0.502889166829372,NA,NA,NA,NA,NA,2823,9e-06
"OWA19.66","PstI.TP166492",6,2200069,3.01995172040202e-14,0.125,NA,NA,NA,NA,NA,NA,"O112+3450","PS_N","mrMLMM","pLARmEB","OWA19",0.0833,0.0014,12.5345,"A",NA,NA,NA,3e-14,6,2200069,1.11814982458422e-07,0.1189,NA,NA,NA,NA,NA,NA,"O122+2646","PS_Y","mrMLMM","ISIS EM-BLASSO","OWA19",31.2797,0.011,6.1146,"A",NA,NA,NA,1e-07
"OWA19.67","PstI.TP181967",2,63225229,2.65766354955431e-09,0.0451,NA,NA,NA,NA,NA,NA,"122+35256im","PS_N","mrMLMM","pLARmEB","OWA19",0.0223,-0.0038,7.6916,"A",NA,NA,NA,3e-09,2,63225229,2.65766354955431e-09,0.0451,NA,NA,NA,NA,NA,NA,"122+35256im","PS_N","mrMLMM","pLARmEB","OWA19",0.0223,-0.0038,7.6916,"A",NA,NA,NA,3e-09
"OWA19.68","PstI.TP198015",3,67910785,4.2825259178892e-06,0.0625,NA,NA,NA,NA,NA,NA,"O112+3450","PS_N","mrMLMM","pLARmEB","OWA19",0,1.0882e-05,4.5894,"C",NA,NA,NA,4e-06,3,67910785,6.76405499111814e-07,0.0625,NA,NA,NA,NA,0.0160458422503369,0.00140053073117993,"O112+3450","PS_N","FarmCPU","FarmCPU","OWA19",1.26307473258535,NA,NA,NA,NA,NA,749,7e-07
"OWA19.69","PstI.TP207713",3,3436667,1.52044738767023e-05,0.0635419589035913,112,NA,NA,0.0447332515312445,NA,0.0447332515312445,"122+35256im","PS_Y","GAPIT","CMLM+SUPER","OWA19",5.57057806247039,NA,NA,NA,NA,NA,2826,2e-05,3,3436667,1.52044738767023e-05,0.0635419589035913,112,NA,NA,0.0447332515312445,NA,0.0447332515312445,"122+35256im","PS_Y","GAPIT","CMLM+SUPER","OWA19",5.57057806247039,NA,NA,NA,NA,NA,2826,2e-05
"OWA19.70","PstI.TP268085",2,64265265,2.42549712161821e-09,0.0532786885245902,NA,NA,NA,NA,0.0229307611733105,4.03360171325108e-06,"O122+2646","PS_Y","FarmCPU","FarmCPU","OWA19",15.3505933860243,NA,NA,NA,NA,NA,81,2e-09,2,64265265,4.37119317926224e-08,0.05,NA,NA,NA,NA,NA,NA,"O122+2646","PS_Y","mrMLMM","mrMLM","OWA19",55.2399,0.0223,6.5097,"A",NA,NA,NA,4e-08
"OWA19.71","PstI.TP282657",10,58159508,2.97783067962912e-17,0.0223,NA,NA,NA,NA,NA,NA,"O112+3450","PS_N","mrMLMM","pLARmEB","OWA19",6.9553e-06,2.5815e-05,15.496,"C",NA,NA,NA,3e-17,10,58159508,2.97783067962912e-17,0.0223,NA,NA,NA,NA,NA,NA,"O112+3450","PS_N","mrMLMM","pLARmEB","OWA19",6.9553e-06,2.5815e-05,15.496,"C",NA,NA,NA,3e-17
"OWA19.72","PstI.TP288641",1,27158173,9.07193646515089e-06,0.0492,NA,NA,NA,NA,NA,NA,"122+35256im","PS_N","mrMLMM","pLARmEB","OWA19",4.0972e-05,5.172e-05,4.2774,"A",NA,NA,NA,9e-06,1,27158173,9.07193646515089e-06,0.0492,NA,NA,NA,NA,NA,NA,"122+35256im","PS_N","mrMLMM","pLARmEB","OWA19",4.0972e-05,5.172e-05,4.2774,"A",NA,NA,NA,9e-06
"OWA19.73","PstI.TP298201",6,1375822,2.33653971149637e-05,0.0980392156862745,NA,NA,NA,NA,0.00984498901526323,0.00938955172634184,"O102+4322","PS_N","FarmCPU","FarmCPU","OWA19",12.0232735297659,NA,NA,NA,NA,NA,737,2e-05,6,1375822,2.33653971149637e-05,0.0980392156862745,NA,NA,NA,NA,0.00984498901526323,0.00938955172634184,"O102+4322","PS_N","FarmCPU","FarmCPU","OWA19",12.0232735297659,NA,NA,NA,NA,NA,737,2e-05
"OWA19.74","PstI.TP33096",6,3180162,3.09813258848441e-05,0.1071,NA,NA,NA,NA,NA,NA,"O112+3450","PS_N","mrMLMM","pLARmEB","OWA19",0,7.5412e-05,3.7691,"C",NA,NA,NA,3e-05,6,3180162,3.09813258848441e-05,0.1071,NA,NA,NA,NA,NA,NA,"O112+3450","PS_N","mrMLMM","pLARmEB","OWA19",0,7.5412e-05,3.7691,"C",NA,NA,NA,3e-05
"OWA19.75","PstI.TP334601",11,2644,1.93999227239098e-07,0.0902,NA,NA,NA,NA,NA,NA,"122+35256im","PS_Y","mrMLMM","FASTmrMLM","OWA19",4.6347,-0.0079,5.8832,"A",NA,NA,NA,2e-07,11,2644,4.74067626739745e-07,NA,NA,NA,NA,NA,NA,NA,"122+35256im","PCA=3","rrBLUP","rrBLUP","OWA19",15.1382870008386,NA,NA,NA,NA,NA,257,5e-07
"OWA19.76","PstI.TP349163",11,2748,2.33883723865935e-06,0.168,NA,NA,NA,NA,NA,NA,"122+35256im","PS_Y","mrMLMM","pLARmEB","OWA19",1.6565,-0.0074,4.8414,"A",NA,NA,NA,2e-06,11,2748,2.33883723865935e-06,0.168,NA,NA,NA,NA,NA,NA,"122+35256im","PS_Y","mrMLMM","pLARmEB","OWA19",1.6565,-0.0074,4.8414,"A",NA,NA,NA,2e-06
"OWA19.77","PstI.TP373577",11,2924,5.96819571133801e-06,NA,NA,NA,NA,NA,NA,NA,"122+35256im","PCA=3","rrBLUP","rrBLUP","OWA19",12.2023532070931,NA,NA,NA,NA,NA,258,6e-06,11,2924,5.96819571133801e-06,NA,NA,NA,NA,NA,NA,NA,"122+35256im","PCA=3","rrBLUP","rrBLUP","OWA19",12.2023532070931,NA,NA,NA,NA,NA,258,6e-06
"OWA19.78","PstI.TP383939",2,56907410,0.000124279643844091,0.0588,NA,NA,NA,NA,NA,NA,"O102+4322","PS_N","mrMLMM","FASTmrMLM","OWA19",7e-04,-2e-04,3.198,"A",NA,NA,NA,1e-04,2,56907410,0.000124279643844091,0.0588,NA,NA,NA,NA,NA,NA,"O102+4322","PS_N","mrMLMM","FASTmrMLM","OWA19",7e-04,-2e-04,3.198,"A",NA,NA,NA,1e-04
"OWA19.79","PstI.TP392482",1,17611146,1.08467592287615e-08,0.025,NA,NA,NA,NA,NA,NA,"O102+4322","PS_Y","mrMLMM","mrMLM","OWA19",0,-0.0337,7.0973,"A",1e-04,3e-04,NA,1e-08,1,17611146,1.55345973137658e-06,0.0223,NA,NA,NA,NA,NA,NA,"O112+3450","PS_Y","mrMLMM","FASTmrEMMA","OWA19",13.1231,-0.057,5.012,"A",1e-04,3e-04,NA,2e-06
"OWA19.80","PstI.TP404885",6,51199851,2.92819503557427e-05,0.0357,NA,NA,NA,NA,NA,NA,"O112+3450","PS_N","mrMLMM","pLARmEB","OWA19",6.0809e-06,1.9356e-05,3.7924,"A",NA,NA,NA,3e-05,6,51199851,2.92819503557427e-05,0.0357,NA,NA,NA,NA,NA,NA,"O112+3450","PS_N","mrMLMM","pLARmEB","OWA19",6.0809e-06,1.9356e-05,3.7924,"A",NA,NA,NA,3e-05
"OWA19.81","PstI.TP410505",3,68268137,3.55795130559743e-07,0.2054,NA,NA,NA,NA,NA,NA,"O112+3450","PS_N","mrMLMM","pLARmEB","OWA19",6e-04,-1e-04,5.6287,"C",NA,NA,NA,4e-07,3,68268137,3.55795130559743e-07,0.2054,NA,NA,NA,NA,NA,NA,"O112+3450","PS_N","mrMLMM","pLARmEB","OWA19",6e-04,-1e-04,5.6287,"C",NA,NA,NA,4e-07
"OWA19.82","PstI.TP419219",9,1650258,1.47706633533782e-06,0.0893,NA,NA,NA,NA,NA,NA,"O112+3450","PS_N","mrMLMM","pLARmEB","OWA19",4e-04,-1e-04,5.0331,"A",NA,NA,NA,1e-06,9,1650258,1.47706633533782e-06,0.0893,NA,NA,NA,NA,NA,NA,"O112+3450","PS_N","mrMLMM","pLARmEB","OWA19",4e-04,-1e-04,5.0331,"A",NA,NA,NA,1e-06
"OWA19.83","PstI.TP419801",8,1077354,4.33590104605983e-06,0.235294117647059,NA,NA,NA,NA,0.00915596808492098,0.00396073642253891,"O102+4322","PS_N","FarmCPU","FarmCPU","OWA19",3.02139261623651,NA,NA,NA,NA,NA,738,4e-06,8,1077354,4.33590104605983e-06,0.235294117647059,NA,NA,NA,NA,0.00915596808492098,0.00396073642253891,"O102+4322","PS_N","FarmCPU","FarmCPU","OWA19",3.02139261623651,NA,NA,NA,NA,NA,738,4e-06
"OWA19.84","PstI.TP425356",1,569039,0.000290011709995147,0.0532786885245902,NA,NA,NA,NA,0.00881507540262506,0.048228947372193,"O122+2646","PS_N","FarmCPU","FarmCPU","OWA19",1.29278766615424,NA,NA,NA,NA,NA,761,3e-04,1,569039,0.000290011709995147,0.0532786885245902,NA,NA,NA,NA,0.00881507540262506,0.048228947372193,"O122+2646","PS_N","FarmCPU","FarmCPU","OWA19",1.29278766615424,NA,NA,NA,NA,NA,761,3e-04
"OWA19.85","PstI.TP459121",1,78162835,1.74260918982593e-06,0.075,NA,NA,NA,NA,NA,NA,"O102+4322","PS_Y","mrMLMM","mrMLM","OWA19",0,-0.0158,4.9641,"C",NA,NA,NA,2e-06,1,78162835,4.7359847635341e-07,0.0735294117647059,102,0.0976359268518406,0.382792838369361,0.00133223251398214,-0.0282200766745807,0.00133223251398214,"O102+4322","PS_Y","GAPIT","GLM","OWA19",28.515691151752,NA,NA,NA,NA,NA,NA,5e-07
"OWA19.86","PstI.TP476886",2,55394288,1.65348401217115e-05,0.2143,NA,NA,NA,NA,NA,NA,"O112+3450","PS_N","mrMLMM","pLARmEB","OWA19",0,-5.5292e-05,4.0286,"C",NA,NA,NA,2e-05,2,55394288,1.65348401217115e-05,0.2143,NA,NA,NA,NA,NA,NA,"O112+3450","PS_N","mrMLMM","pLARmEB","OWA19",0,-5.5292e-05,4.0286,"C",NA,NA,NA,2e-05
"OWA19.87","PstI.TP483920",2,71246128,1.83320774256806e-07,0.0714285714285714,NA,NA,NA,NA,-0.0142607969831241,9.98181615828309e-05,"O112+3450","PS_Y","FarmCPU","FarmCPU","OWA19",3.81092064988201,NA,NA,NA,NA,NA,74,2e-07,2,71246128,4.94691349609315e-05,0.0686274509803922,NA,NA,NA,NA,-0.00935992810780608,0.0231927794408501,"O102+4322","PS_Y","FarmCPU","FarmCPU","OWA19",4.38184390689935,NA,NA,NA,NA,NA,66,5e-05
"OWA19.88","PstI.TP49139",1,80477608,1.40831563236653e-05,0.055,NA,NA,NA,NA,NA,NA,"O102+4322","PS_Y","mrMLMM","mrMLM","OWA19",3.4409,-0.0113,4.0951,"A",NA,NA,NA,1e-05,1,80477608,0.000102049795475105,0.053921568627451,NA,NA,NA,NA,-0.00805656397609597,0.0410094392387815,"O102+4322","PS_Y","FarmCPU","FarmCPU","OWA19",5.98813818018355,NA,NA,NA,NA,NA,65,1e-04
"OWA19.89","PstI.TP53152",6,56671658,1.21338885046498e-05,0.0625,NA,NA,NA,NA,NA,NA,"O112+3450","PS_N","mrMLMM","pLARmEB","OWA19",2.5563e-05,3.0905e-05,4.1568,"A",NA,NA,NA,1e-05,6,56671658,1.21338885046498e-05,0.0625,NA,NA,NA,NA,NA,NA,"O112+3450","PS_N","mrMLMM","pLARmEB","OWA19",2.5563e-05,3.0905e-05,4.1568,"A",NA,NA,NA,1e-05
"OWA19.90","PstI.TP532325",5,18806244,4.99459180208248e-05,0.2054,NA,NA,NA,NA,NA,NA,"O112+3450","PS_N","mrMLMM","pLARmEB","OWA19",9.212e-05,-8.6166e-05,3.5722,"C",NA,NA,NA,5e-05,5,18806244,4.99459180208248e-05,0.2054,NA,NA,NA,NA,NA,NA,"O112+3450","PS_N","mrMLMM","pLARmEB","OWA19",9.212e-05,-8.6166e-05,3.5722,"C",NA,NA,NA,5e-05
"OWA19.91","PstI.TP57213",1,59006419,1.51147163008501e-05,0.127,NA,NA,NA,NA,NA,NA,"122+35256im","PS_Y","mrMLMM","pLARmEB","OWA19",6.556,0.0079,4.0658,"C",1e-04,3e-04,NA,2e-05,1,59006419,2.79254384123734e-05,0.127,NA,NA,NA,NA,NA,NA,"122+35256im","PS_N","mrMLMM","FASTmrMLM","OWA19",6.8703,0.0058,3.812,"C",1e-04,3e-04,NA,3e-05
"OWA19.92","PstI.TP65271",3,2656013,0.00024278033644199,0.135245901639344,NA,NA,NA,NA,-0.00519452559960687,0.0448604110558921,"O122+2646","PS_N","FarmCPU","FarmCPU","OWA19",7.4845504340515,NA,NA,NA,NA,NA,767,2e-04,3,2656013,0.00024278033644199,0.135245901639344,NA,NA,NA,NA,-0.00519452559960687,0.0448604110558921,"O122+2646","PS_N","FarmCPU","FarmCPU","OWA19",7.4845504340515,NA,NA,NA,NA,NA,767,2e-04
"OWA19.93","PstI.TP678255",1,67745947,5.74777818845521e-05,0.27,NA,NA,NA,NA,NA,NA,"O102+4322","PS_Y","mrMLMM","mrMLM","OWA19",4.4624,-0.0063,3.5144,"A",NA,NA,NA,6e-05,1,67745947,3.46341832877438e-07,0.264705882352941,NA,NA,NA,NA,-0.00831889452818247,0.000974259575884233,"O102+4322","PS_N","FarmCPU","FarmCPU","OWA19",11.676276770621,NA,NA,NA,NA,NA,733,3e-07
"OWA19.94","PstI.TP729855",3,65126133,1.06585959714725e-10,0.035,NA,NA,NA,NA,NA,NA,"O102+4322","PS_Y","mrMLMM","mrMLM","OWA19",11.3379,-0.0206,9.0547,"C",NA,NA,NA,1e-10,3,65126133,5.88708084702043e-08,0.035,NA,NA,NA,NA,NA,NA,"O102+4322","PS_N","mrMLMM","mrMLM","OWA19",12.6417,-0.0217,6.3844,"C",NA,NA,NA,6e-08
"OWA19.95","PstI.TP770204",3,67523376,7.41659081273623e-05,0.0614754098360656,NA,NA,NA,NA,0.00918614429657248,0.0176197007451148,"O122+2646","PS_Y","FarmCPU","FarmCPU","OWA19",3.17559544425163,NA,NA,NA,NA,NA,82,7e-05,3,67523376,7.41659081273623e-05,0.0614754098360656,NA,NA,NA,NA,0.00918614429657248,0.0176197007451148,"O122+2646","PS_Y","FarmCPU","FarmCPU","OWA19",3.17559544425163,NA,NA,NA,NA,NA,82,7e-05
"OWA19.96","PstI.TP774948",9,243415,6.22809919713845e-05,0.0714285714285714,NA,NA,NA,NA,-0.0110241814222268,0.0226080000856126,"O112+3450","PS_Y","FarmCPU","FarmCPU","OWA19",3.89996258583172,NA,NA,NA,NA,NA,76,6e-05,9,243415,6.22809919713845e-05,0.0714285714285714,NA,NA,NA,NA,-0.0110241814222268,0.0226080000856126,"O112+3450","PS_Y","FarmCPU","FarmCPU","OWA19",3.89996258583172,NA,NA,NA,NA,NA,76,6e-05
"OWA19.97","PstI.TP775725",1,1175417,3.26964046834305e-06,0.067,NA,NA,NA,NA,NA,NA,"O112+3450","PS_N","mrMLMM","pLARmEB","OWA19",4.2688e-06,-1.2263e-05,4.7017,"A",1e-04,3e-04,NA,3e-06,1,1175417,3.26964046834305e-06,0.067,NA,NA,NA,NA,NA,NA,"O112+3450","PS_N","mrMLMM","pLARmEB","OWA19",4.2688e-06,-1.2263e-05,4.7017,"A",1e-04,3e-04,NA,3e-06
"OWA19.98","PstI.TP775845",1,13537099,3.62660286244888e-05,0.0268,NA,NA,NA,NA,NA,NA,"O112+3450","PS_N","mrMLMM","pLARmEB","OWA19",0,1.4932e-05,3.7041,"C",NA,NA,NA,4e-05,1,13537099,3.62660286244888e-05,0.0268,NA,NA,NA,NA,NA,NA,"O112+3450","PS_N","mrMLMM","pLARmEB","OWA19",0,1.4932e-05,3.7041,"C",NA,NA,NA,4e-05
"OWA19.99","PstI.TP790069",2,699673,1.32220866819026e-11,0.2723,NA,NA,NA,NA,NA,NA,"O112+3450","PS_N","mrMLMM","pLARmEB","OWA19",0.0202,6e-04,9.9416,"A",NA,NA,NA,1e-11,2,699673,1.32220866819026e-11,0.2723,NA,NA,NA,NA,NA,NA,"O112+3450","PS_N","mrMLMM","pLARmEB","OWA19",0.0202,6e-04,9.9416,"A",NA,NA,NA,1e-11
"OWA19.100","PstI.TP833228",2,23342056,5.62600352579543e-20,0.0392,NA,NA,NA,NA,NA,NA,"O102+4322","PS_N","mrMLMM","FASTmrMLM","OWA19",0,-4e-04,18.1859,"G",NA,NA,NA,6e-20,2,23342056,5.62600352579543e-20,0.0392,NA,NA,NA,NA,NA,NA,"O102+4322","PS_N","mrMLMM","FASTmrMLM","OWA19",0,-4e-04,18.1859,"G",NA,NA,NA,6e-20
"OWA19.101","PstI.TP836173",11,5793,1.60323018660474e-06,0.180327868852459,NA,NA,NA,NA,0.00682200099239411,0.000666542950080921,"O122+2646","PS_N","FarmCPU","FarmCPU","OWA19",7.678704617903,NA,NA,NA,NA,NA,770,2e-06,11,5793,1.60323018660474e-06,0.180327868852459,NA,NA,NA,NA,0.00682200099239411,0.000666542950080921,"O122+2646","PS_N","FarmCPU","FarmCPU","OWA19",7.678704617903,NA,NA,NA,NA,NA,770,2e-06
"OWA19.102","PstI.TP881184",2,76620224,6.16453041959877e-08,0.0938,NA,NA,NA,NA,NA,NA,"O112+3450","PS_N","mrMLMM","pLARmEB","OWA19",4e-04,1e-04,6.365,"A",NA,NA,NA,6e-08,2,76620224,6.16453041959877e-08,0.0938,NA,NA,NA,NA,NA,NA,"O112+3450","PS_N","mrMLMM","pLARmEB","OWA19",4e-04,1e-04,6.365,"A",NA,NA,NA,6e-08
"OWA19.103","PstI.TP947087",2,13610693,0.000153285120636294,0.308,NA,NA,NA,NA,NA,NA,"O112+3450","PS_N","mrMLMM","pLARmEB","OWA19",0,3.6962e-05,3.1121,"A",NA,NA,NA,2e-04,2,13610693,0.000153285120636294,0.308,NA,NA,NA,NA,NA,NA,"O112+3450","PS_N","mrMLMM","pLARmEB","OWA19",0,3.6962e-05,3.1121,"A",NA,NA,NA,2e-04
"OWA19.104","PstI.TP949022",11,6628,8.89201117857948e-06,0.0273,NA,NA,NA,NA,NA,NA,"O112+3450","PS_N","mrMLMM","mrMLM","OWA19",0,-0.0191,4.2857,"A",NA,NA,NA,9e-06,11,6628,8.89201117857948e-06,0.0273,NA,NA,NA,NA,NA,NA,"O112+3450","PS_N","mrMLMM","mrMLM","OWA19",0,-0.0191,4.2857,"A",NA,NA,NA,9e-06
"OWA19.105","PstI.TP982120",2,21428233,3.23295753368093e-31,0.0343,NA,NA,NA,NA,NA,NA,"O102+4322","PS_N","mrMLMM","FASTmrMLM","OWA19",0.1186,0.0012,29.325,"A",1e-04,3e-04,NA,3e-31,2,21428233,1.85267823707227e-06,0.0318,NA,NA,NA,NA,NA,NA,"O112+3450","PS_N","mrMLMM","mrMLM","OWA19",21.7636,0.0168,4.9386,"A",NA,NA,NA,2e-06
"OWA19.106","PstI.TP982139",4,41445278,2.69640995663223e-06,0.0580357142857143,NA,NA,NA,NA,0.0125265975310875,0.00146819522138625,"O112+3450","PS_N","FarmCPU","FarmCPU","OWA19",3.17577285736136,NA,NA,NA,NA,NA,750,3e-06,4,41445278,2.69640995663223e-06,0.0580357142857143,NA,NA,NA,NA,0.0125265975310875,0.00146819522138625,"O112+3450","PS_N","FarmCPU","FarmCPU","OWA19",3.17577285736136,NA,NA,NA,NA,NA,750,3e-06
"OWA18.1","NsiI.TP128483",10,59308875,2.66317680704052e-05,0.2869,NA,NA,NA,NA,NA,NA,"122+35256im","PS_Y","mrMLMM","pLARmEB","OWA18",7.2943,0.0721,3.8315,"C",NA,NA,NA,3e-05,10,59308875,2.66317680704052e-05,0.2869,NA,NA,NA,NA,NA,NA,"122+35256im","PS_Y","mrMLMM","pLARmEB","OWA18",7.2943,0.0721,3.8315,"C",NA,NA,NA,3e-05
"OWA18.2","NsiI.TP159883",11,10892,1.81250563136356e-06,0.294540303814486,112,NA,NA,0.0239966683064379,NA,0.0239966683064379,"122+35256im","PS_Y","GAPIT","CMLM+SUPER","OWA18",0.402805103562282,NA,NA,NA,NA,NA,2816,2e-06,11,10892,1.81250563136356e-06,0.294540303814486,112,NA,NA,0.0239966683064379,NA,0.0239966683064379,"122+35256im","PS_Y","GAPIT","CMLM+SUPER","OWA18",0.402805103562282,NA,NA,NA,NA,NA,2816,2e-06
"OWA18.3","NsiI.TP224586",3,4243452,0.000170608238900312,0.3333,NA,NA,NA,NA,NA,NA,"122+35256im","PS_Y","mrMLMM","mrMLM","OWA18",3.9973,-0.065,3.0684,"C",NA,NA,NA,2e-04,3,4243452,0.000170608238900312,0.3333,NA,NA,NA,NA,NA,NA,"122+35256im","PS_Y","mrMLMM","mrMLM","OWA18",3.9973,-0.065,3.0684,"C",NA,NA,NA,2e-04
"OWA18.4","NsiI.TP2469",11,9161,4.89440608973125e-05,0.1598,NA,NA,NA,NA,NA,NA,"122+35256im","PS_Y","mrMLMM","ISIS EM-BLASSO","OWA18",20.7754,-0.1179,3.5806,"A",NA,NA,NA,5e-05,11,9161,4.89440608973125e-05,0.1598,NA,NA,NA,NA,NA,NA,"122+35256im","PS_Y","mrMLMM","ISIS EM-BLASSO","OWA18",20.7754,-0.1179,3.5806,"A",NA,NA,NA,5e-05
"OWA18.5","NsiI.TP299143",10,7147645,1.61552184751156e-06,0.16248276590293,112,NA,NA,0.0239966683064379,NA,0.0239966683064379,"122+35256im","PS_Y","GAPIT","CMLM+SUPER","OWA18",0.494916680939481,NA,NA,NA,NA,NA,2815,2e-06,10,7147645,1.61552184751156e-06,0.16248276590293,112,NA,NA,0.0239966683064379,NA,0.0239966683064379,"122+35256im","PS_Y","GAPIT","CMLM+SUPER","OWA18",0.494916680939481,NA,NA,NA,NA,NA,2815,2e-06
"OWA18.6","NsiI.TP424080",8,62210912,3.58261384583867e-05,0.041,NA,NA,NA,NA,NA,NA,"O122+2646","PS_Y","mrMLMM","FASTmrEMMA","OWA18",11.1134,-0.5083,3.7092,"A",0.0352,0.0437,NA,4e-05,8,62210912,3.58261384583867e-05,0.041,NA,NA,NA,NA,NA,NA,"O122+2646","PS_Y","mrMLMM","FASTmrEMMA","OWA18",11.1134,-0.5083,3.7092,"A",0.0352,0.0437,NA,4e-05
"OWA18.7","NsiI.TP504649",4,67177683,5.81433432308447e-10,0.1311,NA,NA,NA,NA,NA,NA,"122+35256im","PS_Y","mrMLMM","FASTmrMLM","OWA18",18.2118,-0.1462,8.335,"C",0.0273,0.0437,NA,6e-10,4,67177683,5.81433432308447e-10,0.1311,NA,NA,NA,NA,NA,NA,"122+35256im","PS_Y","mrMLMM","FASTmrMLM","OWA18",18.2118,-0.1462,8.335,"C",0.0273,0.0437,NA,6e-10
"OWA18.8","NsiI.TP512189",3,61885782,6.13196969715683e-05,0.1708,NA,NA,NA,NA,NA,NA,"122+35256im","PS_Y","mrMLMM","mrMLM","OWA18",18.5,0.1197,3.4878,"C",NA,NA,NA,6e-05,3,61885782,6.13196969715683e-05,0.1708,NA,NA,NA,NA,NA,NA,"122+35256im","PS_Y","mrMLMM","mrMLM","OWA18",18.5,0.1197,3.4878,"C",NA,NA,NA,6e-05
"OWA18.9","NsiI.TP624872",4,60455775,0.000170372697651327,0.0245,NA,NA,NA,NA,NA,NA,"O102+4322","PS_Y","mrMLMM","FASTmrEMMA","OWA18",5.1705,-0.4045,3.0689,"G",NA,NA,NA,2e-04,4,60455775,0.000170372697651327,0.0245,NA,NA,NA,NA,NA,NA,"O102+4322","PS_Y","mrMLMM","FASTmrEMMA","OWA18",5.1705,-0.4045,3.0689,"G",NA,NA,NA,2e-04
"OWA18.10","NsiI.TP641200",1,3051168,2.33883723865935e-05,0.025,NA,NA,NA,NA,NA,NA,"122+35256im","PS_Y","mrMLMM","mrMLM","OWA18",33.6785,0.2456,3.8852,"C",NA,NA,NA,2e-05,1,3051168,2.3828680818473e-10,0.025,NA,NA,NA,NA,NA,NA,"122+35256im","PS_N","mrMLMM","mrMLM","OWA18",35.1614,0.3344,8.7132,"C",0.0222,0.0437,NA,2e-10
"OWA18.11","NsiI.TP702393",7,54899243,1.11969567324346e-05,0.3934,NA,NA,NA,NA,NA,NA,"122+35256im","PS_Y","mrMLMM","FASTmrMLM","OWA18",13.9988,0.0929,4.1901,"A",NA,NA,NA,1e-05,7,54899243,1.11969567324346e-05,0.3934,NA,NA,NA,NA,NA,NA,"122+35256im","PS_Y","mrMLMM","FASTmrMLM","OWA18",13.9988,0.0929,4.1901,"A",NA,NA,NA,1e-05
"OWA18.12","NsiI.TP718157",3,8632016,2.83922623942491e-05,0.0458,NA,NA,NA,NA,NA,NA,"122+35256im","PS_N","mrMLMM","mrMLM","OWA18",15.7514,0.1657,3.8051,"A",NA,NA,NA,3e-05,3,8632016,2.83922623942491e-05,0.0458,NA,NA,NA,NA,NA,NA,"122+35256im","PS_N","mrMLMM","mrMLM","OWA18",15.7514,0.1657,3.8051,"A",NA,NA,NA,3e-05
"OWA18.13","NsiI.TP724799",4,68146066,0.000185737672905297,0.0697,NA,NA,NA,NA,NA,NA,"122+35256im","PS_Y","mrMLMM","ISIS EM-BLASSO","OWA18",14.4361,0.1056,3.0337,"C",0.0254,0.0437,NA,2e-04,4,68146066,0.000185737672905297,0.0697,NA,NA,NA,NA,NA,NA,"122+35256im","PS_Y","mrMLMM","ISIS EM-BLASSO","OWA18",14.4361,0.1056,3.0337,"C",0.0254,0.0437,NA,2e-04
"OWA18.14","PstI.TP1009084",8,3978036,2.94849231389437e-07,0.2828,NA,NA,NA,NA,NA,NA,"122+35256im","PS_N","mrMLMM","pLARmEB","OWA18",1.6902e-06,-3.4002e-05,5.7075,"A",NA,NA,NA,3e-07,8,3978036,2.94849231389437e-07,0.2828,NA,NA,NA,NA,NA,NA,"122+35256im","PS_N","mrMLMM","pLARmEB","OWA18",1.6902e-06,-3.4002e-05,5.7075,"A",NA,NA,NA,3e-07
"OWA18.15","PstI.TP108989",1,2588793,7.44903474524108e-06,0.0446,NA,NA,NA,NA,NA,NA,"O112+3450","PS_Y","mrMLMM","FASTmrMLM","OWA18",4.8792,-0.2363,4.3592,"C",0.0312,0.0405,NA,7e-06,1,2588793,1.16923013483392e-05,0.0446,NA,NA,NA,NA,NA,NA,"O112+3450","PS_Y","mrMLMM","FASTmrEMMA","OWA18",16.0617,-0.5122,4.1722,"C",0.0326,0.0405,NA,1e-05
"OWA18.16","PstI.TP110898",10,9880843,2.35667665631813e-05,0.0588,NA,NA,NA,NA,NA,NA,"O102+4322","PS_N","mrMLMM","ISIS EM-BLASSO","OWA18",13.3717,0.1238,3.8821,"C",NA,NA,NA,2e-05,10,9880843,2.28034207200042e-06,0.0536,NA,NA,NA,NA,NA,NA,"O112+3450","PS_N","mrMLMM","ISIS EM-BLASSO","OWA18",17.9191,0.1568,4.8519,"C",NA,NA,NA,2e-06
"OWA18.17","PstI.TP1257104",3,2916484,1.15557995540213e-05,0.2336,NA,NA,NA,NA,NA,NA,"O122+2646","PS_N","mrMLMM","pLARmEB","OWA18",3.5612,-0.0755,4.177,"A",0.0398,0.0437,NA,1e-05,3,2916484,1.15557995540213e-05,0.2336,NA,NA,NA,NA,NA,NA,"O122+2646","PS_N","mrMLMM","pLARmEB","OWA18",3.5612,-0.0755,4.177,"A",0.0398,0.0437,NA,1e-05
"OWA18.18","PstI.TP1286748",11,9066,5.10374700783699e-06,0.0697866036429828,112,NA,NA,0.0450473723401719,NA,0.0450473723401719,"122+35256im","PS_Y","GAPIT","CMLM+SUPER","OWA18",0.290191372473623,NA,NA,NA,NA,NA,2817,5e-06,11,9066,5.10374700783699e-06,0.0697866036429828,112,NA,NA,0.0450473723401719,NA,0.0450473723401719,"122+35256im","PS_Y","GAPIT","CMLM+SUPER","OWA18",0.290191372473623,NA,NA,NA,NA,NA,2817,5e-06
"OWA18.19","PstI.TP234382",1,67947376,0.000163757047688358,0.425,NA,NA,NA,NA,NA,NA,"122+35256im","PS_Y","mrMLMM","mrMLM","OWA18",12.582,0.0976,3.0851,"C",0.0188,0.0437,NA,2e-04,1,67947376,0.000163757047688358,0.425,NA,NA,NA,NA,NA,NA,"122+35256im","PS_Y","mrMLMM","mrMLM","OWA18",12.582,0.0976,3.0851,"C",0.0188,0.0437,NA,2e-04
"OWA18.20","PstI.TP244587",11,1996,0.000109849984505838,0.1107,NA,NA,NA,NA,NA,NA,"O122+2646","PS_N","mrMLMM","FASTmrEMMA","OWA18",6.4075,-0.255,3.2485,"C",0.0366,0.0437,NA,1e-04,11,1996,0.000109849984505838,0.1107,NA,NA,NA,NA,NA,NA,"O122+2646","PS_N","mrMLMM","FASTmrEMMA","OWA18",6.4075,-0.255,3.2485,"C",0.0366,0.0437,NA,1e-04
"OWA18.21","PstI.TP312639",2,3911470,0.000101204541109654,0.1148,NA,NA,NA,NA,NA,NA,"122+35256im","PS_N","mrMLMM","pLARmEB","OWA18",3.8789e-07,1.5144e-05,3.2821,"A",0.0276,0.0437,NA,1e-04,2,3911470,0.000101204541109654,0.1148,NA,NA,NA,NA,NA,NA,"122+35256im","PS_N","mrMLMM","pLARmEB","OWA18",3.8789e-07,1.5144e-05,3.2821,"A",0.0276,0.0437,NA,1e-04
"OWA18.22","PstI.TP349355",4,51739537,6.98232404077172e-08,0.0833,NA,NA,NA,NA,NA,NA,"122+35256im","PS_Y","mrMLMM","mrMLM","OWA18",5.3993,-0.2024,6.3126,"A",NA,NA,NA,7e-08,4,51739537,6.98232404077172e-08,0.0833,NA,NA,NA,NA,NA,NA,"122+35256im","PS_Y","mrMLMM","mrMLM","OWA18",5.3993,-0.2024,6.3126,"A",NA,NA,NA,7e-08
"OWA18.23","PstI.TP392482",1,17611146,1.90897394112351e-05,0.0245,NA,NA,NA,NA,NA,NA,"O102+4322","PS_Y","mrMLMM","FASTmrEMMA","OWA18",10.2475,-0.5695,3.9692,"A",NA,NA,NA,2e-05,1,17611146,1.02470770081564e-06,0.0245,NA,NA,NA,NA,NA,NA,"O102+4322","PS_N","mrMLMM","FASTmrEMMA","OWA18",10.9578,-0.5889,5.186,"A",NA,NA,NA,1e-06
"OWA18.24","PstI.TP437620",11,3351,0.000192486377778253,0.2623,NA,NA,NA,NA,NA,NA,"122+35256im","PS_Y","mrMLMM","ISIS EM-BLASSO","OWA18",10.292,-0.0797,3.0191,"C",NA,NA,NA,2e-04,11,3351,0.000192486377778253,0.2623,NA,NA,NA,NA,NA,NA,"122+35256im","PS_Y","mrMLMM","ISIS EM-BLASSO","OWA18",10.292,-0.0797,3.0191,"C",NA,NA,NA,2e-04
"OWA18.25","PstI.TP642933",6,57096182,2.04173794466953e-05,0.4314,NA,NA,NA,NA,NA,NA,"O102+4322","PS_Y","mrMLMM","pLARmEB","OWA18",4.9862,-0.0717,3.9414,"A",NA,NA,NA,2e-05,6,57096182,2.04173794466953e-05,0.4314,NA,NA,NA,NA,NA,NA,"O102+4322","PS_Y","mrMLMM","ISIS EM-BLASSO","OWA18",7.8633,-0.0723,3.9414,"A",NA,NA,NA,2e-05
"OWA18.26","PstI.TP65061",2,73159281,0.000193731392458196,0.3566,NA,NA,NA,NA,NA,NA,"122+35256im","PS_Y","mrMLMM","pLARmEB","OWA18",2.6315,-0.0575,3.0165,"A",0.022,0.0437,NA,2e-04,2,73159281,0.000193731392458196,0.3566,NA,NA,NA,NA,NA,NA,"122+35256im","PS_Y","mrMLMM","pLARmEB","OWA18",2.6315,-0.0575,3.0165,"A",0.022,0.0437,NA,2e-04
"OWA18.27","PstI.TP702483",11,4867,5.83310776539422e-05,0.0125,NA,NA,NA,NA,NA,NA,"122+35256im","PS_N","mrMLMM","mrMLM","OWA18",29.4062,0.3729,3.5084,"A",NA,NA,NA,6e-05,11,4867,5.83310776539422e-05,0.0125,NA,NA,NA,NA,NA,NA,"122+35256im","PS_N","mrMLMM","mrMLM","OWA18",29.4062,0.3729,3.5084,"A",NA,NA,NA,6e-05
"OWA18.28","PstI.TP727705",4,2828636,0.000170686824991567,0.2255,NA,NA,NA,NA,NA,NA,"O102+4322","PS_Y","mrMLMM","FASTmrEMMA","OWA18",5.8759,0.1584,3.0682,"C",NA,NA,NA,2e-04,4,2828636,0.000170686824991567,0.2255,NA,NA,NA,NA,NA,NA,"O102+4322","PS_Y","mrMLMM","FASTmrEMMA","OWA18",5.8759,0.1584,3.0682,"C",NA,NA,NA,2e-04
"OWA18.29","PstI.TP789647",3,69354547,4.58986593021999e-05,0.3648,NA,NA,NA,NA,NA,NA,"O122+2646","PS_N","mrMLMM","ISIS EM-BLASSO","OWA18",3.4706,0.0516,3.607,"A",0.0378,0.0437,NA,5e-05,3,69354547,4.58986593021999e-05,0.3648,NA,NA,NA,NA,NA,NA,"O122+2646","PS_N","mrMLMM","ISIS EM-BLASSO","OWA18",3.4706,0.0516,3.607,"A",0.0378,0.0437,NA,5e-05
"OWA18.30","PstI.TP841525",3,59531363,7.45075014636253e-07,0.1352,NA,NA,NA,NA,NA,NA,"122+35256im","PS_N","mrMLMM","pLARmEB","OWA18",0.0702,-0.0111,5.3192,"C",NA,NA,NA,7e-07,3,59531363,7.45075014636253e-07,0.1352,NA,NA,NA,NA,NA,NA,"122+35256im","PS_N","mrMLMM","pLARmEB","OWA18",0.0702,-0.0111,5.3192,"C",NA,NA,NA,7e-07
"OWA18.31","PstI.TP980214",1,10687788,6.44762840643921e-05,0.4375,NA,NA,NA,NA,NA,NA,"O112+3450","PS_N","mrMLMM","FASTmrMLM","OWA18",6.9927,0.067,3.4672,"G",NA,NA,NA,6e-05,1,10687788,6.44762840643921e-05,0.4375,NA,NA,NA,NA,NA,NA,"O112+3450","PS_N","mrMLMM","ISIS EM-BLASSO","OWA18",7.0313,0.0672,3.4672,"G",NA,NA,NA,6e-05
