"","plot","Entry","Rep","Year","SRD","datest2"
"1",1,160,1,2018,15.1030028319261,"3/1/18"
"2",2,23,1,2018,.,"3/1/18"
"3",3,103,1,2018,.,"3/1/18"
"4",4,141,1,2018,10.5795041584694,"3/1/18"
"5",5,122,1,2018,35.3892975932314,"3/1/18"
"6",6,139,1,2018,10.5795041584694,"3/1/18"
"7",7,17,1,2018,.,"3/1/18"
"8",8,59,1,2018,31.5354149542915,"3/1/18"
"9",9,120,1,2018,15.1030028319261,"3/1/18"
"10",10,119,1,2018,15.1030028319261,"3/1/18"
"11",11,128,1,2018,31.5354149542915,"3/1/18"
"12",12,25,1,2018,.,"3/1/18"
"13",13,18,1,2018,19.4117765350423,"3/1/18"
"14",14,97,1,2018,15.1030028319261,"3/1/18"
"15",15,43,1,2018,27.5994523337399,"3/1/18"
"16",16,30,1,2018,.,"3/1/18"
"17",17,124,1,2018,.,"3/1/18"
"18",18,71,1,2018,10.5795041584694,"3/1/18"
"19",19,161,1,2018,10.5795041584694,"3/1/18"
"20",20,69,1,2018,15.1030028319261,"3/1/18"
"21",21,93,1,2018,.,"3/1/18"
"22",22,79,1,2018,15.1030028319261,"3/1/18"
"23",23,55,1,2018,10.5795041584694,"3/1/18"
"24",24,133,1,2018,15.1030028319261,"3/1/18"
"25",25,152,1,2018,.,"3/1/18"
"26",26,44,1,2018,.,"3/1/18"
"27",27,42,1,2018,31.5354149542915,"3/1/18"
"28",28,90,1,2018,35.3892975932314,"3/1/18"
"29",29,154,1,2018,.,"3/1/18"
"30",30,10,1,2018,31.5354149542915,"3/1/18"
"31",31,22,1,2018,10.5795041584694,"3/1/18"
"32",32,53,1,2018,.,"3/1/18"
"33",33,37,1,2018,35.3892975932314,"3/1/18"
"34",34,114,1,2018,.,"3/1/18"
"35",35,13,1,2018,10.5795041584694,"3/1/18"
"36",36,104,1,2018,.,"3/1/18"
"37",37,136,1,2018,19.4117765350423,"3/1/18"
"38",38,118,1,2018,.,"3/1/18"
"39",39,27,1,2018,.,"3/1/18"
"40",40,87,1,2018,19.4117765350423,"3/1/18"
"41",41,131,1,2018,19.4117765350423,"3/1/18"
"42",42,9,1,2018,15.1030028319261,"3/1/18"
"43",43,132,1,2018,.,"3/1/18"
"44",44,47,1,2018,19.4117765350423,"3/1/18"
"45",45,83,1,2018,.,"3/1/18"
"46",46,81,1,2018,.,"3/1/18"
"47",47,62,1,2018,27.5994523337399,"3/1/18"
"48",48,91,1,2018,19.4117765350423,"3/1/18"
"49",49,11,1,2018,19.4117765350423,"3/1/18"
"50",50,72,1,2018,.,"3/1/18"
"51",51,165,1,2018,31.5354149542915,"3/1/18"
"52",52,85,1,2018,.,"3/1/18"
"53",53,45,1,2018,.,"3/1/18"
"54",54,89,1,2018,.,"3/1/18"
"55",55,109,1,2018,.,"3/1/18"
"56",56,4,1,2018,.,"3/1/18"
"57",57,159,1,2018,23.5657229628743,"3/1/18"
"58",58,78,1,2018,19.4117765350423,"3/1/18"
"59",59,163,1,2018,31.5354149542915,"3/1/18"
"60",60,134,1,2018,19.4117765350423,"3/1/18"
"61",61,50,1,2018,.,"3/1/18"
"62",62,137,1,2018,10.5795041584694,"3/1/18"
"63",63,166,1,2018,31.5354149542915,"3/1/18"
"64",64,41,1,2018,.,"3/1/18"
"65",65,140,1,2018,.,"3/1/18"
"66",66,130,1,2018,19.4117765350423,"3/1/18"
"67",67,126,1,2018,15.1030028319261,"3/1/18"
"68",68,127,1,2018,15.1030028319261,"3/1/18"
"69",69,60,1,2018,31.5354149542915,"3/1/18"
"70",70,107,1,2018,.,"3/1/18"
"71",71,110,1,2018,.,"3/1/18"
"72",72,16,1,2018,.,"3/1/18"
"73",73,38,1,2018,19.4117765350423,"3/1/18"
"74",74,14,1,2018,.,"3/1/18"
"75",75,58,1,2018,.,"3/1/18"
"76",76,95,1,2018,35.3892975932314,"3/1/18"
"77",77,75,1,2018,.,"3/1/18"
"78",78,153,1,2018,.,"3/1/18"
"79",79,73,1,2018,.,"3/1/18"
"80",80,86,1,2018,23.5657229628743,"3/1/18"
"81",81,84,1,2018,31.5354149542915,"3/1/18"
"82",82,54,1,2018,19.4117765350423,"3/1/18"
"83",83,125,1,2018,.,"3/1/18"
"84",84,121,1,2018,.,"3/1/18"
"85",85,102,1,2018,19.4117765350423,"3/1/18"
"86",86,52,1,2018,.,"3/1/18"
"87",87,28,1,2018,10.5795041584694,"3/1/18"
"88",88,21,1,2018,.,"3/1/18"
"89",89,2,1,2018,27.5994523337399,"3/1/18"
"90",90,57,1,2018,.,"3/1/18"
"91",91,117,1,2018,.,"3/1/18"
"92",92,66,1,2018,19.4117765350423,"3/1/18"
"93",93,34,1,2018,.,"3/1/18"
"94",94,147,1,2018,15.1030028319261,"3/1/18"
"95",95,77,1,2018,19.4117765350423,"3/1/18"
"96",96,96,1,2018,.,"3/1/18"
"97",97,164,1,2018,.,"3/1/18"
"98",98,32,1,2018,31.5354149542915,"3/1/18"
"99",99,143,1,2018,.,"3/1/18"
"100",100,142,1,2018,31.5354149542915,"3/1/18"
"101",101,15,1,2018,19.4117765350423,"3/1/18"
"102",102,31,1,2018,19.4117765350423,"3/1/18"
"103",103,40,1,2018,46.0405077314152,"3/1/18"
"104",104,74,1,2018,19.4117765350423,"3/1/18"
"105",105,106,1,2018,19.4117765350423,"3/1/18"
"106",106,20,1,2018,15.1030028319261,"3/1/18"
"107",107,157,1,2018,10.5795041584694,"3/1/18"
"108",108,49,1,2018,32.0906891827131,"3/1/18"
"109",109,88,1,2018,15.1030028319261,"3/1/18"
"110",110,150,1,2018,31.5354149542915,"3/1/18"
"111",111,70,1,2018,.,"3/1/18"
"112",112,61,1,2018,.,"3/1/18"
"113",113,156,1,2018,23.5657229628743,"3/1/18"
"114",114,80,1,2018,23.5657229628743,"3/1/18"
"115",115,1,1,2018,27.5994523337399,"3/1/18"
"116",116,92,1,2018,.,"3/1/18"
"117",117,145,1,2018,.,"3/1/18"
"118",118,167,1,2018,10.5795041584694,"3/1/18"
"119",119,135,1,2018,.,"3/1/18"
"120",120,76,1,2018,31.5354149542915,"3/1/18"
"121",121,151,1,2018,.,"3/1/18"
"122",122,101,1,2018,.,"3/1/18"
"123",123,146,1,2018,19.4117765350423,"3/1/18"
"124",124,162,1,2018,.,"3/1/18"
"125",125,116,1,2018,.,"3/1/18"
"126",126,148,1,2018,42.8943026764535,"3/1/18"
"127",127,169,1,2018,31.5354149542915,"3/1/18"
"128",128,149,1,2018,.,"3/1/18"
"129",129,158,1,2018,15.1030028319261,"3/1/18"
"130",130,100,1,2018,.,"3/1/18"
"131",131,111,1,2018,.,"3/1/18"
"132",132,26,1,2018,.,"3/1/18"
"133",133,33,1,2018,.,"3/1/18"
"134",134,138,1,2018,10.5795041584694,"3/1/18"
"135",135,12,1,2018,46.5612289373783,"3/1/18"
"136",136,82,1,2018,10.5795041584694,"3/1/18"
"137",137,51,1,2018,.,"3/1/18"
"138",138,168,1,2018,31.5354149542915,"3/1/18"
"139",139,46,1,2018,15.1030028319261,"3/1/18"
"140",140,29,1,2018,32.0906891827131,"3/1/18"
"141",141,5,1,2018,.,"3/1/18"
"142",142,68,1,2018,15.1030028319261,"3/1/18"
"143",143,19,1,2018,.,"3/1/18"
"144",144,123,1,2018,.,"3/1/18"
"145",145,155,1,2018,19.4117765350423,"3/1/18"
"146",146,64,1,2018,31.5354149542915,"3/1/18"
"147",147,39,1,2018,23.5657229628743,"3/1/18"
"148",148,65,1,2018,27.5994523337399,"3/1/18"
"149",149,98,1,2018,10.5795041584694,"3/1/18"
"150",150,108,1,2018,.,"3/1/18"
"151",151,48,1,2018,.,"3/1/18"
"152",152,94,1,2018,19.4117765350423,"3/1/18"
"153",153,113,1,2018,.,"3/1/18"
"154",154,144,1,2018,.,"3/1/18"
"155",155,35,1,2018,.,"3/1/18"
"156",156,105,1,2018,31.5354149542915,"3/1/18"
"157",157,99,1,2018,.,"3/1/18"
"158",158,36,1,2018,19.4117765350423,"3/1/18"
"159",159,3,1,2018,19.4117765350423,"3/1/18"
"160",160,115,1,2018,19.4117765350423,"3/1/18"
"161",161,6,1,2018,.,"3/1/18"
"162",162,129,1,2018,19.4117765350423,"3/1/18"
"163",163,8,1,2018,.,"3/1/18"
"164",164,63,1,2018,19.4117765350423,"3/1/18"
"165",165,24,1,2018,15.1030028319261,"3/1/18"
"166",166,112,1,2018,.,"3/1/18"
"167",167,7,1,2018,19.4117765350423,"3/1/18"
"168",168,67,1,2018,15.1030028319261,"3/1/18"
"169",169,56,1,2018,31.5354149542915,"3/1/18"
"170",170,153,2,2018,.,"3/1/18"
"171",171,165,2,2018,.,"3/1/18"
"172",172,19,2,2018,.,"3/1/18"
"173",173,124,2,2018,.,"3/1/18"
"174",174,150,2,2018,31.5354149542915,"3/1/18"
"175",175,158,2,2018,19.4117765350423,"3/1/18"
"176",176,112,2,2018,.,"3/1/18"
"177",177,2,2,2018,31.5354149542915,"3/1/18"
"178",178,41,2,2018,27.5994523337399,"3/1/18"
"179",179,142,2,2018,27.5994523337399,"3/1/18"
"180",180,144,2,2018,.,"3/1/18"
"181",181,42,2,2018,.,"3/1/18"
"182",182,61,2,2018,.,"3/1/18"
"183",183,98,2,2018,.,"3/1/18"
"184",184,15,2,2018,19.4117765350423,"3/1/18"
"185",185,117,2,2018,.,"3/1/18"
"186",186,72,2,2018,.,"3/1/18"
"187",187,168,2,2018,.,"3/1/18"
"188",188,151,2,2018,19.4117765350423,"3/1/18"
"189",189,160,2,2018,19.4117765350423,"3/1/18"
"190",190,70,2,2018,.,"3/1/18"
"191",191,17,2,2018,.,"3/1/18"
"192",192,107,2,2018,.,"3/1/18"
"193",193,140,2,2018,.,"3/1/18"
"194",194,115,2,2018,15.1030028319261,"3/1/18"
"195",195,118,2,2018,.,"3/1/18"
"196",196,40,2,2018,.,"3/1/18"
"197",197,73,2,2018,.,"3/1/18"
"198",198,63,2,2018,.,"3/1/18"
"199",199,149,2,2018,.,"3/1/18"
"200",200,152,2,2018,31.5354149542915,"3/1/18"
"201",201,55,2,2018,.,"3/1/18"
"202",202,91,2,2018,19.4117765350423,"3/1/18"
"203",203,50,2,2018,.,"3/1/18"
"204",204,130,2,2018,31.5354149542915,"3/1/18"
"205",205,20,2,2018,.,"3/1/18"
"206",206,25,2,2018,.,"3/1/18"
"207",207,111,2,2018,.,"3/1/18"
"208",208,105,2,2018,.,"3/1/18"
"209",209,4,2,2018,.,"3/1/18"
"210",210,16,2,2018,10.5795041584694,"3/1/18"
"211",211,147,2,2018,10.5795041584694,"3/1/18"
"212",212,141,2,2018,.,"3/1/18"
"213",213,121,2,2018,.,"3/1/18"
"214",214,68,2,2018,19.4117765350423,"3/1/18"
"215",215,71,2,2018,.,"3/1/18"
"216",216,48,2,2018,.,"3/1/18"
"217",217,92,2,2018,31.5354149542915,"3/1/18"
"218",218,116,2,2018,.,"3/1/18"
"219",219,163,2,2018,31.5354149542915,"3/1/18"
"220",220,7,2,2018,19.4117765350423,"3/1/18"
"221",221,22,2,2018,15.1030028319261,"3/1/18"
"222",222,13,2,2018,.,"3/1/18"
"223",223,96,2,2018,31.5354149542915,"3/1/18"
"224",224,82,2,2018,.,"3/1/18"
"225",225,154,2,2018,.,"3/1/18"
"226",226,133,2,2018,23.5657229628743,"3/1/18"
"227",227,76,2,2018,31.5354149542915,"3/1/18"
"228",228,47,2,2018,27.5994523337399,"3/1/18"
"229",229,156,2,2018,23.5657229628743,"3/1/18"
"230",230,120,2,2018,.,"3/1/18"
"231",231,67,2,2018,15.1030028319261,"3/1/18"
"232",232,38,2,2018,23.5657229628743,"3/1/18"
"233",233,28,2,2018,.,"3/1/18"
"234",234,94,2,2018,15.1030028319261,"3/1/18"
"235",235,46,2,2018,19.4117765350423,"3/1/18"
"236",236,169,2,2018,27.5994523337399,"3/1/18"
"237",237,85,2,2018,35.3892975932314,"3/1/18"
"238",238,155,2,2018,23.5657229628743,"3/1/18"
"239",239,21,2,2018,.,"3/1/18"
"240",240,129,2,2018,31.5354149542915,"3/1/18"
"241",241,69,2,2018,10.5795041584694,"3/1/18"
"242",242,35,2,2018,.,"3/1/18"
"243",243,143,2,2018,.,"3/1/18"
"244",244,159,2,2018,31.5354149542915,"3/1/18"
"245",245,114,2,2018,.,"3/1/18"
"246",246,119,2,2018,10.5795041584694,"3/1/18"
"247",247,1,2,2018,27.5994523337399,"3/1/18"
"248",248,29,2,2018,.,"3/1/18"
"249",249,100,2,2018,.,"3/1/18"
"250",250,134,2,2018,23.5657229628743,"3/1/18"
"251",251,75,2,2018,.,"3/1/18"
"252",252,113,2,2018,.,"3/1/18"
"253",253,157,2,2018,10.5795041584694,"3/1/18"
"254",254,23,2,2018,.,"3/1/18"
"255",255,8,2,2018,.,"3/1/18"
"256",256,34,2,2018,.,"3/1/18"
"257",257,43,2,2018,31.5354149542915,"3/1/18"
"258",258,132,2,2018,19.4117765350423,"3/1/18"
"259",259,37,2,2018,37.0188040498218,"3/1/18"
"260",260,135,2,2018,.,"3/1/18"
"261",261,166,2,2018,31.5354149542915,"3/1/18"
"262",262,83,2,2018,.,"3/1/18"
"263",263,167,2,2018,.,"3/1/18"
"264",264,80,2,2018,19.4117765350423,"3/1/18"
"265",265,18,2,2018,31.5354149542915,"3/1/18"
"266",266,12,2,2018,.,"3/1/18"
"267",267,97,2,2018,15.1030028319261,"3/1/18"
"268",268,110,2,2018,.,"3/1/18"
"269",269,90,2,2018,23.5657229628743,"3/1/18"
"270",270,14,2,2018,19.4117765350423,"3/1/18"
"271",271,99,2,2018,.,"3/1/18"
"272",272,64,2,2018,31.5354149542915,"3/1/18"
"273",273,86,2,2018,27.5994523337399,"3/1/18"
"274",274,161,2,2018,.,"3/1/18"
"275",275,24,2,2018,15.1030028319261,"3/1/18"
"276",276,5,2,2018,.,"3/1/18"
"277",277,9,2,2018,15.1030028319261,"3/1/18"
"278",278,139,2,2018,15.1030028319261,"3/1/18"
"279",279,162,2,2018,.,"3/1/18"
"280",280,45,2,2018,.,"3/1/18"
"281",281,10,2,2018,31.5354149542915,"3/1/18"
"282",282,33,2,2018,.,"3/1/18"
"283",283,52,2,2018,.,"3/1/18"
"284",284,32,2,2018,27.5994523337399,"3/1/18"
"285",285,58,2,2018,.,"3/1/18"
"286",286,123,2,2018,.,"3/1/18"
"287",287,60,2,2018,.,"3/1/18"
"288",288,39,2,2018,10.5795041584694,"3/1/18"
"289",289,79,2,2018,19.4117765350423,"3/1/18"
"290",290,27,2,2018,.,"3/1/18"
"291",291,128,2,2018,31.5354149542915,"3/1/18"
"292",292,31,2,2018,23.5657229628743,"3/1/18"
"293",293,36,2,2018,19.4117765350423,"3/1/18"
"294",294,78,2,2018,23.5657229628743,"3/1/18"
"295",295,51,2,2018,.,"3/1/18"
"296",296,84,2,2018,31.5354149542915,"3/1/18"
"297",297,106,2,2018,.,"3/1/18"
"298",298,66,2,2018,.,"3/1/18"
"299",299,131,2,2018,19.4117765350423,"3/1/18"
"300",300,164,2,2018,.,"3/1/18"
"301",301,125,2,2018,.,"3/1/18"
"302",302,3,2,2018,.,"3/1/18"
"303",303,65,2,2018,23.5657229628743,"3/1/18"
"304",304,122,2,2018,.,"3/1/18"
"305",305,89,2,2018,.,"3/1/18"
"306",306,148,2,2018,35.3892975932314,"3/1/18"
"307",307,53,2,2018,.,"3/1/18"
"308",308,81,2,2018,.,"3/1/18"
"309",309,54,2,2018,19.4117765350423,"3/1/18"
"310",310,145,2,2018,.,"3/1/18"
"311",311,30,2,2018,.,"3/1/18"
"312",312,127,2,2018,19.4117765350423,"3/1/18"
"313",313,146,2,2018,23.5657229628743,"3/1/18"
"314",314,126,2,2018,23.5657229628743,"3/1/18"
"315",315,77,2,2018,19.4117765350423,"3/1/18"
"316",316,87,2,2018,23.5657229628743,"3/1/18"
"317",317,44,2,2018,.,"3/1/18"
"318",318,102,2,2018,15.1030028319261,"3/1/18"
"319",319,56,2,2018,31.5354149542915,"3/1/18"
"320",320,49,2,2018,19.4117765350423,"3/1/18"
"321",321,136,2,2018,23.5657229628743,"3/1/18"
"322",322,59,2,2018,31.5354149542915,"3/1/18"
"323",323,138,2,2018,10.5795041584694,"3/1/18"
"324",324,6,2,2018,.,"3/1/18"
"325",325,109,2,2018,.,"3/1/18"
"326",326,93,2,2018,.,"3/1/18"
"327",327,137,2,2018,15.1030028319261,"3/1/18"
"328",328,11,2,2018,.,"3/1/18"
"329",329,95,2,2018,31.5354149542915,"3/1/18"
"330",330,88,2,2018,10.5795041584694,"3/1/18"
"331",331,108,2,2018,.,"3/1/18"
"332",332,103,2,2018,.,"3/1/18"
"333",333,57,2,2018,.,"3/1/18"
"334",334,101,2,2018,19.4117765350423,"3/1/18"
"335",335,74,2,2018,.,"3/1/18"
"336",336,62,2,2018,31.5354149542915,"3/1/18"
"337",337,104,2,2018,.,"3/1/18"
"338",338,26,2,2018,.,"3/1/18"
"339",339,43,3,2018,31.5354149542915,"3/1/18"
"340",340,48,3,2018,.,"3/1/18"
"341",341,130,3,2018,19.4117765350423,"3/1/18"
"342",342,164,3,2018,.,"3/1/18"
"343",343,90,3,2018,19.4117765350423,"3/1/18"
"344",344,84,3,2018,31.5354149542915,"3/1/18"
"345",345,5,3,2018,.,"3/1/18"
"346",346,83,3,2018,10.5795041584694,"3/1/18"
"347",347,11,3,2018,.,"3/1/18"
"348",348,21,3,2018,.,"3/1/18"
"349",349,24,3,2018,15.1030028319261,"3/1/18"
"350",350,151,3,2018,23.5657229628743,"3/1/18"
"351",351,22,3,2018,10.5795041584694,"3/1/18"
"352",352,73,3,2018,.,"3/1/18"
"353",353,36,3,2018,23.5657229628743,"3/1/18"
"354",354,95,3,2018,27.5994523337399,"3/1/18"
"355",355,29,3,2018,31.5354149542915,"3/1/18"
"356",356,144,3,2018,.,"3/1/18"
"357",357,78,3,2018,23.5657229628743,"3/1/18"
"358",358,6,3,2018,10.5795041584694,"3/1/18"
"359",359,150,3,2018,31.5354149542915,"3/1/18"
"360",360,53,3,2018,.,"3/1/18"
"361",361,96,3,2018,.,"3/1/18"
"362",362,137,3,2018,10.5795041584694,"3/1/18"
"363",363,162,3,2018,.,"3/1/18"
"364",364,12,3,2018,31.5354149542915,"3/1/18"
"365",365,145,3,2018,.,"3/1/18"
"366",366,155,3,2018,15.1030028319261,"3/1/18"
"367",367,17,3,2018,19.4117765350423,"3/1/18"
"368",368,107,3,2018,.,"3/1/18"
"369",369,106,3,2018,.,"3/1/18"
"370",370,87,3,2018,23.5657229628743,"3/1/18"
"371",371,82,3,2018,10.5795041584694,"3/1/18"
"372",372,45,3,2018,.,"3/1/18"
"373",373,2,3,2018,27.5994523337399,"3/1/18"
"374",374,113,3,2018,.,"3/1/18"
"375",375,116,3,2018,.,"3/1/18"
"376",376,132,3,2018,19.4117765350423,"3/1/18"
"377",377,77,3,2018,23.5657229628743,"3/1/18"
"378",378,154,3,2018,.,"3/1/18"
"379",379,30,3,2018,.,"3/1/18"
"380",380,64,3,2018,31.5354149542915,"3/1/18"
"381",381,115,3,2018,23.5657229628743,"3/1/18"
"382",382,20,3,2018,.,"3/1/18"
"383",383,103,3,2018,.,"3/1/18"
"384",384,86,3,2018,19.4117765350423,"3/1/18"
"385",385,138,3,2018,10.5795041584694,"3/1/18"
"386",386,32,3,2018,27.5994523337399,"3/1/18"
"387",387,76,3,2018,27.5994523337399,"3/1/18"
"388",388,124,3,2018,.,"3/1/18"
"389",389,31,3,2018,19.4117765350423,"3/1/18"
"390",390,123,3,2018,.,"3/1/18"
"391",391,3,3,2018,31.5354149542915,"3/1/18"
"392",392,165,3,2018,31.5354149542915,"3/1/18"
"393",393,110,3,2018,.,"3/1/18"
"394",394,129,3,2018,31.5354149542915,"3/1/18"
"395",395,57,3,2018,.,"3/1/18"
"396",396,23,3,2018,31.5354149542915,"3/1/18"
"397",397,168,3,2018,.,"3/1/18"
"398",398,92,3,2018,.,"3/1/18"
"399",399,139,3,2018,10.5795041584694,"3/1/18"
"400",400,55,3,2018,.,"3/1/18"
"401",401,169,3,2018,31.5354149542915,"3/1/18"
"402",402,40,3,2018,.,"3/1/18"
"403",403,127,3,2018,23.5657229628743,"3/1/18"
"404",404,148,3,2018,23.5657229628743,"3/1/18"
"405",405,104,3,2018,.,"3/1/18"
"406",406,166,3,2018,27.5994523337399,"3/1/18"
"407",407,79,3,2018,15.1030028319261,"3/1/18"
"408",408,111,3,2018,.,"3/1/18"
"409",409,122,3,2018,.,"3/1/18"
"410",410,149,3,2018,27.5994523337399,"3/1/18"
"411",411,47,3,2018,27.5994523337399,"3/1/18"
"412",412,49,3,2018,.,"3/1/18"
"413",413,147,3,2018,23.5657229628743,"3/1/18"
"414",414,56,3,2018,31.5354149542915,"3/1/18"
"415",415,72,3,2018,23.5657229628743,"3/1/18"
"416",416,33,3,2018,27.5994523337399,"3/1/18"
"417",417,152,3,2018,.,"3/1/18"
"418",418,9,3,2018,19.4117765350423,"3/1/18"
"419",419,16,3,2018,.,"3/1/18"
"420",420,65,3,2018,23.5657229628743,"3/1/18"
"421",421,126,3,2018,23.5657229628743,"3/1/18"
"422",422,99,3,2018,.,"3/1/18"
"423",423,93,3,2018,.,"3/1/18"
"424",424,140,3,2018,.,"3/1/18"
"425",425,66,3,2018,53.7524073480619,"3/1/18"
"426",426,70,3,2018,.,"3/1/18"
"427",427,88,3,2018,31.5354149542915,"3/1/18"
"428",428,46,3,2018,19.4117765350423,"3/1/18"
"429",429,27,3,2018,10.5795041584694,"3/1/18"
"430",430,63,3,2018,.,"3/1/18"
"431",431,7,3,2018,19.4117765350423,"3/1/18"
"432",432,109,3,2018,.,"3/1/18"
"433",433,161,3,2018,19.4117765350423,"3/1/18"
"434",434,35,3,2018,.,"3/1/18"
"435",435,156,3,2018,10.5795041584694,"3/1/18"
"436",436,119,3,2018,27.5994523337399,"3/1/18"
"437",437,28,3,2018,19.4117765350423,"3/1/18"
"438",438,52,3,2018,.,"3/1/18"
"439",439,131,3,2018,19.4117765350423,"3/1/18"
"440",440,61,3,2018,.,"3/1/18"
"441",441,37,3,2018,10.5795041584694,"3/1/18"
"442",442,101,3,2018,19.4117765350423,"3/1/18"
"443",443,98,3,2018,.,"3/1/18"
"444",444,69,3,2018,.,"3/1/18"
"445",445,167,3,2018,19.4117765350423,"3/1/18"
"446",446,159,3,2018,31.5354149542915,"3/1/18"
"447",447,163,3,2018,.,"3/1/18"
"448",448,125,3,2018,.,"3/1/18"
"449",449,133,3,2018,23.5657229628743,"3/1/18"
"450",450,81,3,2018,.,"3/1/18"
"451",451,146,3,2018,23.5657229628743,"3/1/18"
"452",452,75,3,2018,.,"3/1/18"
"453",453,128,3,2018,31.5354149542915,"3/1/18"
"454",454,67,3,2018,19.4117765350423,"3/1/18"
"455",455,142,3,2018,23.5657229628743,"3/1/18"
"456",456,141,3,2018,15.1030028319261,"3/1/18"
"457",457,19,3,2018,.,"3/1/18"
"458",458,97,3,2018,.,"3/1/18"
"459",459,160,3,2018,23.5657229628743,"3/1/18"
"460",460,8,3,2018,.,"3/1/18"
"461",461,102,3,2018,23.5657229628743,"3/1/18"
"462",462,89,3,2018,.,"3/1/18"
"463",463,94,3,2018,19.4117765350423,"3/1/18"
"464",464,42,3,2018,27.5994523337399,"3/1/18"
"465",465,68,3,2018,19.4117765350423,"3/1/18"
"466",466,85,3,2018,10.5795041584694,"3/1/18"
"467",467,14,3,2018,23.5657229628743,"3/1/18"
"468",468,108,3,2018,.,"3/1/18"
"469",469,134,3,2018,19.4117765350423,"3/1/18"
"470",470,58,3,2018,.,"3/1/18"
"471",471,80,3,2018,19.4117765350423,"3/1/18"
"472",472,74,3,2018,19.4117765350423,"3/1/18"
"473",473,91,3,2018,19.4117765350423,"3/1/18"
"474",474,112,3,2018,.,"3/1/18"
"475",475,143,3,2018,.,"3/1/18"
"476",476,39,3,2018,23.5657229628743,"3/1/18"
"477",477,59,3,2018,27.5994523337399,"3/1/18"
"478",478,13,3,2018,10.5795041584694,"3/1/18"
"479",479,136,3,2018,19.4117765350423,"3/1/18"
"480",480,25,3,2018,.,"3/1/18"
"481",481,135,3,2018,.,"3/1/18"
"482",482,71,3,2018,10.5795041584694,"3/1/18"
"483",483,62,3,2018,.,"3/1/18"
"484",484,117,3,2018,.,"3/1/18"
"485",485,15,3,2018,27.5994523337399,"3/1/18"
"486",486,34,3,2018,.,"3/1/18"
"487",487,26,3,2018,.,"3/1/18"
"488",488,38,3,2018,19.4117765350423,"3/1/18"
"489",489,54,3,2018,31.5354149542915,"3/1/18"
"490",490,114,3,2018,.,"3/1/18"
"491",491,157,3,2018,10.5795041584694,"3/1/18"
"492",492,41,3,2018,27.5994523337399,"3/1/18"
"493",493,50,3,2018,27.5994523337399,"3/1/18"
"494",494,18,3,2018,31.5354149542915,"3/1/18"
"495",495,51,3,2018,.,"3/1/18"
"496",496,121,3,2018,.,"3/1/18"
"497",497,153,3,2018,31.5354149542915,"3/1/18"
"498",498,4,3,2018,10.5795041584694,"3/1/18"
"499",499,105,3,2018,27.5994523337399,"3/1/18"
"500",500,100,3,2018,.,"3/1/18"
"501",501,10,3,2018,31.5354149542915,"3/1/18"
"502",502,60,3,2018,31.5354149542915,"3/1/18"
"503",503,1,3,2018,27.5994523337399,"3/1/18"
"504",504,118,3,2018,.,"3/1/18"
"505",505,44,3,2018,.,"3/1/18"
"506",506,158,3,2018,19.4117765350423,"3/1/18"
"507",507,120,3,2018,27.5994523337399,"3/1/18"
"508",508,51,4,2018,.,"3/1/18"
"509",509,146,4,2018,10.5795041584694,"3/1/18"
"510",510,107,4,2018,.,"3/1/18"
"511",511,166,4,2018,.,"3/1/18"
"512",512,85,4,2018,.,"3/1/18"
"513",513,156,4,2018,10.5795041584694,"3/1/18"
"514",514,57,4,2018,15.1030028319261,"3/1/18"
"515",515,123,4,2018,.,"3/1/18"
"516",516,53,4,2018,.,"3/1/18"
"517",517,34,4,2018,.,"3/1/18"
"518",518,7,4,2018,19.4117765350423,"3/1/18"
"519",519,152,4,2018,23.5657229628743,"3/1/18"
"520",520,14,4,2018,15.1030028319261,"3/1/18"
"521",521,153,4,2018,35.3892975932314,"3/1/18"
"522",522,99,4,2018,.,"3/1/18"
"523",523,45,4,2018,.,"3/1/18"
"524",524,157,4,2018,10.5795041584694,"3/1/18"
"525",525,141,4,2018,23.5657229628743,"3/1/18"
"526",526,40,4,2018,.,"3/1/18"
"527",527,108,4,2018,.,"3/1/18"
"528",528,13,4,2018,10.5795041584694,"3/1/18"
"529",529,138,4,2018,10.5795041584694,"3/1/18"
"530",530,131,4,2018,19.4117765350423,"3/1/18"
"531",531,66,4,2018,.,"3/1/18"
"532",532,21,4,2018,31.5354149542915,"3/1/18"
"533",533,148,4,2018,31.5354149542915,"3/1/18"
"534",534,163,4,2018,27.5994523337399,"3/1/18"
"535",535,93,4,2018,.,"3/1/18"
"536",536,1,4,2018,19.4117765350423,"3/1/18"
"537",537,15,4,2018,27.5994523337399,"3/1/18"
"538",538,76,4,2018,31.5354149542915,"3/1/18"
"539",539,165,4,2018,31.5354149542915,"3/1/18"
"540",540,135,4,2018,19.4117765350423,"3/1/18"
"541",541,12,4,2018,.,"3/1/18"
"542",542,126,4,2018,19.4117765350423,"3/1/18"
"543",543,122,4,2018,.,"3/1/18"
"544",544,52,4,2018,10.5795041584694,"3/1/18"
"545",545,39,4,2018,10.5795041584694,"3/1/18"
"546",546,8,4,2018,.,"3/1/18"
"547",547,70,4,2018,35.3892975932314,"3/1/18"
"548",548,28,4,2018,19.4117765350423,"3/1/18"
"549",549,164,4,2018,31.5354149542915,"3/1/18"
"550",550,5,4,2018,.,"3/1/18"
"551",551,6,4,2018,10.5795041584694,"3/1/18"
"552",552,23,4,2018,27.5994523337399,"3/1/18"
"553",553,26,4,2018,.,"3/1/18"
"554",554,58,4,2018,31.5354149542915,"3/1/18"
"555",555,159,4,2018,23.5657229628743,"3/1/18"
"556",556,167,4,2018,19.4117765350423,"3/1/18"
"557",557,105,4,2018,19.4117765350423,"3/1/18"
"558",558,42,4,2018,31.5354149542915,"3/1/18"
"559",559,79,4,2018,10.5795041584694,"3/1/18"
"560",560,143,4,2018,.,"3/1/18"
"561",561,65,4,2018,23.5657229628743,"3/1/18"
"562",562,11,4,2018,.,"3/1/18"
"563",563,18,4,2018,19.4117765350423,"3/1/18"
"564",564,161,4,2018,19.4117765350423,"3/1/18"
"565",565,149,4,2018,.,"3/1/18"
"566",566,75,4,2018,3.44420606018685,"3/1/18"
"567",567,125,4,2018,.,"3/1/18"
"568",568,106,4,2018,.,"3/1/18"
"569",569,115,4,2018,23.5657229628743,"3/1/18"
"570",570,136,4,2018,19.4117765350423,"3/1/18"
"571",571,19,4,2018,19.4117765350423,"3/1/18"
"572",572,121,4,2018,23.5657229628743,"3/1/18"
"573",573,113,4,2018,.,"3/1/18"
"574",574,9,4,2018,15.1030028319261,"3/1/18"
"575",575,22,4,2018,19.4117765350423,"3/1/18"
"576",576,168,4,2018,31.5354149542915,"3/1/18"
"577",577,145,4,2018,.,"3/1/18"
"578",578,55,4,2018,.,"3/1/18"
"579",579,67,4,2018,19.4117765350423,"3/1/18"
"580",580,97,4,2018,.,"3/1/18"
"581",581,73,4,2018,31.5354149542915,"3/1/18"
"582",582,41,4,2018,27.5994523337399,"3/1/18"
"583",583,59,4,2018,.,"3/1/18"
"584",584,101,4,2018,19.4117765350423,"3/1/18"
"585",585,31,4,2018,19.4117765350423,"3/1/18"
"586",586,71,4,2018,10.5795041584694,"3/1/18"
"587",587,80,4,2018,.,"3/1/18"
"588",588,62,4,2018,27.5994523337399,"3/1/18"
"589",589,94,4,2018,19.4117765350423,"3/1/18"
"590",590,130,4,2018,19.4117765350423,"3/1/18"
"591",591,118,4,2018,27.5994523337399,"3/1/18"
"592",592,103,4,2018,31.5354149542915,"3/1/18"
"593",593,158,4,2018,15.1030028319261,"3/1/18"
"594",594,129,4,2018,31.5354149542915,"3/1/18"
"595",595,33,4,2018,31.5354149542915,"3/1/18"
"596",596,77,4,2018,23.5657229628743,"3/1/18"
"597",597,81,4,2018,.,"3/1/18"
"598",598,78,4,2018,23.5657229628743,"3/1/18"
"599",599,154,4,2018,31.5354149542915,"3/1/18"
"600",600,48,4,2018,27.5994523337399,"3/1/18"
"601",601,72,4,2018,19.4117765350423,"3/1/18"
"602",602,139,4,2018,15.1030028319261,"3/1/18"
"603",603,69,4,2018,15.1030028319261,"3/1/18"
"604",604,100,4,2018,10.5795041584694,"3/1/18"
"605",605,127,4,2018,15.1030028319261,"3/1/18"
"606",606,137,4,2018,10.5795041584694,"3/1/18"
"607",607,20,4,2018,.,"3/1/18"
"608",608,112,4,2018,.,"3/1/18"
"609",609,27,4,2018,.,"3/1/18"
"610",610,82,4,2018,10.5795041584694,"3/1/18"
"611",611,102,4,2018,.,"3/1/18"
"612",612,114,4,2018,.,"3/1/18"
"613",613,160,4,2018,19.4117765350423,"3/1/18"
"614",614,111,4,2018,.,"3/1/18"
"615",615,60,4,2018,27.5994523337399,"3/1/18"
"616",616,74,4,2018,23.5657229628743,"3/1/18"
"617",617,109,4,2018,.,"3/1/18"
"618",618,43,4,2018,27.5994523337399,"3/1/18"
"619",619,86,4,2018,15.1030028319261,"3/1/18"
"620",620,144,4,2018,.,"3/1/18"
"621",621,35,4,2018,.,"3/1/18"
"622",622,116,4,2018,.,"3/1/18"
"623",623,3,4,2018,.,"3/1/18"
"624",624,47,4,2018,19.4117765350423,"3/1/18"
"625",625,63,4,2018,19.4117765350423,"3/1/18"
"626",626,134,4,2018,19.4117765350423,"3/1/18"
"627",627,124,4,2018,.,"3/1/18"
"628",628,54,4,2018,19.4117765350423,"3/1/18"
"629",629,46,4,2018,19.4117765350423,"3/1/18"
"630",630,98,4,2018,.,"3/1/18"
"631",631,87,4,2018,19.4117765350423,"3/1/18"
"632",632,120,4,2018,31.5354149542915,"3/1/18"
"633",633,4,4,2018,.,"3/1/18"
"634",634,90,4,2018,27.5994523337399,"3/1/18"
"635",635,92,4,2018,31.5354149542915,"3/1/18"
"636",636,32,4,2018,27.5994523337399,"3/1/18"
"637",637,95,4,2018,27.5994523337399,"3/1/18"
"638",638,24,4,2018,15.1030028319261,"3/1/18"
"639",639,50,4,2018,31.5354149542915,"3/1/18"
"640",640,44,4,2018,27.5994523337399,"3/1/18"
"641",641,117,4,2018,.,"3/1/18"
"642",642,56,4,2018,.,"3/1/18"
"643",643,64,4,2018,35.3892975932314,"3/1/18"
"644",644,132,4,2018,19.4117765350423,"3/1/18"
"645",645,128,4,2018,31.5354149542915,"3/1/18"
"646",646,169,4,2018,31.5354149542915,"3/1/18"
"647",647,104,4,2018,.,"3/1/18"
"648",648,61,4,2018,.,"3/1/18"
"649",649,96,4,2018,.,"3/1/18"
"650",650,16,4,2018,27.5994523337399,"3/1/18"
"651",651,147,4,2018,10.5795041584694,"3/1/18"
"652",652,17,4,2018,31.5354149542915,"3/1/18"
"653",653,91,4,2018,23.5657229628743,"3/1/18"
"654",654,119,4,2018,19.4117765350423,"3/1/18"
"655",655,133,4,2018,19.4117765350423,"3/1/18"
"656",656,151,4,2018,.,"3/1/18"
"657",657,110,4,2018,35.3892975932314,"3/1/18"
"658",658,89,4,2018,.,"3/1/18"
"659",659,88,4,2018,31.5354149542915,"3/1/18"
"660",660,36,4,2018,23.5657229628743,"3/1/18"
"661",661,10,4,2018,31.5354149542915,"3/1/18"
"662",662,29,4,2018,31.5354149542915,"3/1/18"
"663",663,2,4,2018,.,"3/1/18"
"664",664,37,4,2018,35.3892975932314,"3/1/18"
"665",665,25,4,2018,.,"3/1/18"
"666",666,68,4,2018,15.1030028319261,"3/1/18"
"667",667,38,4,2018,23.5657229628743,"3/1/18"
"668",668,142,4,2018,19.4117765350423,"3/1/18"
"669",669,140,4,2018,.,"3/1/18"
"670",670,30,4,2018,.,"3/1/18"
"671",671,84,4,2018,31.5354149542915,"3/1/18"
"672",672,155,4,2018,.,"3/1/18"
"673",673,49,4,2018,19.4117765350423,"3/1/18"
"674",674,162,4,2018,.,"3/1/18"
"675",675,150,4,2018,27.5994523337399,"3/1/18"
"676",676,83,4,2018,10.5795041584694,"3/1/18"
"677",1,160,1,2019,10.5795041584694,"3/1/19"
"678",2,23,1,2019,.,"3/1/19"
"679",3,103,1,2019,.,"3/1/19"
"680",4,141,1,2019,19.4117765350423,"3/1/19"
"681",5,122,1,2019,25.883795757944,"3/1/19"
"682",6,139,1,2019,0,"3/1/19"
"683",7,17,1,2019,.,"3/1/19"
"684",8,59,1,2019,27.5994523337399,"3/1/19"
"685",9,120,1,2019,19.4117765350423,"3/1/19"
"686",10,119,1,2019,10.5795041584694,"3/1/19"
"687",11,128,1,2019,27.5994523337399,"3/1/19"
"688",12,25,1,2019,.,"3/1/19"
"689",13,18,1,2019,19.4117765350423,"3/1/19"
"690",14,97,1,2019,.,"3/1/19"
"691",15,43,1,2019,25.883795757944,"3/1/19"
"692",16,30,1,2019,.,"3/1/19"
"693",17,124,1,2019,.,"3/1/19"
"694",18,71,1,2019,10.5795041584694,"3/1/19"
"695",19,161,1,2019,0,"3/1/19"
"696",20,69,1,2019,10.5795041584694,"3/1/19"
"697",21,93,1,2019,.,"3/1/19"
"698",22,79,1,2019,10.5795041584694,"3/1/19"
"699",23,55,1,2019,0,"3/1/19"
"700",24,133,1,2019,10.5795041584694,"3/1/19"
"701",25,152,1,2019,.,"3/1/19"
"702",26,44,1,2019,.,"3/1/19"
"703",27,42,1,2019,35.3892975932314,"3/1/19"
"704",28,90,1,2019,25.883795757944,"3/1/19"
"705",29,154,1,2019,.,"3/1/19"
"706",30,10,1,2019,32.0906891827131,"3/1/19"
"707",31,22,1,2019,15.1030028319261,"3/1/19"
"708",32,53,1,2019,.,"3/1/19"
"709",33,37,1,2019,38.6361294845186,"3/1/19"
"710",34,114,1,2019,.,"3/1/19"
"711",35,13,1,2019,19.4117765350423,"3/1/19"
"712",36,104,1,2019,.,"3/1/19"
"713",37,136,1,2019,25.883795757944,"3/1/19"
"714",38,118,1,2019,.,"3/1/19"
"715",39,27,1,2019,.,"3/1/19"
"716",40,87,1,2019,19.4117765350423,"3/1/19"
"717",41,131,1,2019,15.1030028319261,"3/1/19"
"718",42,9,1,2019,19.4117765350423,"3/1/19"
"719",43,132,1,2019,.,"3/1/19"
"720",44,47,1,2019,19.4117765350423,"3/1/19"
"721",45,83,1,2019,.,"3/1/19"
"722",46,81,1,2019,.,"3/1/19"
"723",47,62,1,2019,19.4117765350423,"3/1/19"
"724",48,91,1,2019,19.4117765350423,"3/1/19"
"725",49,11,1,2019,19.4117765350423,"3/1/19"
"726",50,72,1,2019,.,"3/1/19"
"727",51,165,1,2019,32.0906891827131,"3/1/19"
"728",52,85,1,2019,.,"3/1/19"
"729",53,45,1,2019,.,"3/1/19"
"730",54,89,1,2019,.,"3/1/19"
"731",55,109,1,2019,.,"3/1/19"
"732",56,4,1,2019,.,"3/1/19"
"733",57,159,1,2019,19.4117765350423,"3/1/19"
"734",58,78,1,2019,25.883795757944,"3/1/19"
"735",59,163,1,2019,32.0906891827131,"3/1/19"
"736",60,134,1,2019,10.5795041584694,"3/1/19"
"737",61,50,1,2019,.,"3/1/19"
"738",62,137,1,2019,19.4117765350423,"3/1/19"
"739",63,166,1,2019,25.883795757944,"3/1/19"
"740",64,41,1,2019,.,"3/1/19"
"741",65,140,1,2019,.,"3/1/19"
"742",66,130,1,2019,25.883795757944,"3/1/19"
"743",67,126,1,2019,19.4117765350423,"3/1/19"
"744",68,127,1,2019,19.4117765350423,"3/1/19"
"745",69,60,1,2019,25.883795757944,"3/1/19"
"746",70,107,1,2019,.,"3/1/19"
"747",71,110,1,2019,.,"3/1/19"
"748",72,16,1,2019,.,"3/1/19"
"749",73,38,1,2019,19.4117765350423,"3/1/19"
"750",74,14,1,2019,.,"3/1/19"
"751",75,58,1,2019,.,"3/1/19"
"752",76,95,1,2019,15.1030028319261,"3/1/19"
"753",77,75,1,2019,.,"3/1/19"
"754",78,153,1,2019,32.0906891827131,"3/1/19"
"755",79,73,1,2019,.,"3/1/19"
"756",80,86,1,2019,19.4117765350423,"3/1/19"
"757",81,84,1,2019,25.883795757944,"3/1/19"
"758",82,54,1,2019,10.5795041584694,"3/1/19"
"759",83,125,1,2019,.,"3/1/19"
"760",84,121,1,2019,.,"3/1/19"
"761",85,102,1,2019,19.4117765350423,"3/1/19"
"762",86,52,1,2019,.,"3/1/19"
"763",87,28,1,2019,19.4117765350423,"3/1/19"
"764",88,21,1,2019,.,"3/1/19"
"765",89,2,1,2019,19.4117765350423,"3/1/19"
"766",90,57,1,2019,.,"3/1/19"
"767",91,117,1,2019,.,"3/1/19"
"768",92,66,1,2019,25.883795757944,"3/1/19"
"769",93,34,1,2019,.,"3/1/19"
"770",94,147,1,2019,25.883795757944,"3/1/19"
"771",95,77,1,2019,25.883795757944,"3/1/19"
"772",96,96,1,2019,.,"3/1/19"
"773",97,164,1,2019,.,"3/1/19"
"774",98,32,1,2019,15.1030028319261,"3/1/19"
"775",99,143,1,2019,.,"3/1/19"
"776",100,142,1,2019,15.1030028319261,"3/1/19"
"777",101,15,1,2019,15.1030028319261,"3/1/19"
"778",102,31,1,2019,19.4117765350423,"3/1/19"
"779",103,40,1,2019,38.6361294845186,"3/1/19"
"780",104,74,1,2019,19.4117765350423,"3/1/19"
"781",105,106,1,2019,19.4117765350423,"3/1/19"
"782",106,20,1,2019,15.1030028319261,"3/1/19"
"783",107,157,1,2019,0,"3/1/19"
"784",108,49,1,2019,.,"3/1/19"
"785",109,88,1,2019,10.5795041584694,"3/1/19"
"786",110,150,1,2019,.,"3/1/19"
"787",111,70,1,2019,.,"3/1/19"
"788",112,61,1,2019,.,"3/1/19"
"789",113,156,1,2019,15.1030028319261,"3/1/19"
"790",114,80,1,2019,15.1030028319261,"3/1/19"
"791",115,1,1,2019,25.883795757944,"3/1/19"
"792",116,92,1,2019,.,"3/1/19"
"793",117,145,1,2019,.,"3/1/19"
"794",118,167,1,2019,0,"3/1/19"
"795",119,135,1,2019,.,"3/1/19"
"796",120,76,1,2019,27.5994523337399,"3/1/19"
"797",121,151,1,2019,.,"3/1/19"
"798",122,101,1,2019,.,"3/1/19"
"799",123,146,1,2019,19.4117765350423,"3/1/19"
"800",124,162,1,2019,.,"3/1/19"
"801",125,116,1,2019,.,"3/1/19"
"802",126,148,1,2019,.,"3/1/19"
"803",127,169,1,2019,27.5994523337399,"3/1/19"
"804",128,149,1,2019,.,"3/1/19"
"805",129,158,1,2019,15.1030028319261,"3/1/19"
"806",130,100,1,2019,.,"3/1/19"
"807",131,111,1,2019,.,"3/1/19"
"808",132,26,1,2019,.,"3/1/19"
"809",133,33,1,2019,.,"3/1/19"
"810",134,138,1,2019,10.5795041584694,"3/1/19"
"811",135,12,1,2019,.,"3/1/19"
"812",136,82,1,2019,0,"3/1/19"
"813",137,51,1,2019,.,"3/1/19"
"814",138,168,1,2019,38.6361294845186,"3/1/19"
"815",139,46,1,2019,15.1030028319261,"3/1/19"
"816",140,29,1,2019,32.0906891827131,"3/1/19"
"817",141,5,1,2019,.,"3/1/19"
"818",142,68,1,2019,19.4117765350423,"3/1/19"
"819",143,19,1,2019,.,"3/1/19"
"820",144,123,1,2019,.,"3/1/19"
"821",145,155,1,2019,25.883795757944,"3/1/19"
"822",146,64,1,2019,32.0906891827131,"3/1/19"
"823",147,39,1,2019,15.1030028319261,"3/1/19"
"824",148,65,1,2019,19.4117765350423,"3/1/19"
"825",149,98,1,2019,10.5795041584694,"3/1/19"
"826",150,108,1,2019,.,"3/1/19"
"827",151,48,1,2019,.,"3/1/19"
"828",152,94,1,2019,10.5795041584694,"3/1/19"
"829",153,113,1,2019,.,"3/1/19"
"830",154,144,1,2019,.,"3/1/19"
"831",155,35,1,2019,.,"3/1/19"
"832",156,105,1,2019,32.0906891827131,"3/1/19"
"833",157,99,1,2019,.,"3/1/19"
"834",158,36,1,2019,19.4117765350423,"3/1/19"
"835",159,3,1,2019,19.4117765350423,"3/1/19"
"836",160,115,1,2019,15.1030028319261,"3/1/19"
"837",161,6,1,2019,.,"3/1/19"
"838",162,129,1,2019,.,"3/1/19"
"839",163,8,1,2019,.,"3/1/19"
"840",164,63,1,2019,15.1030028319261,"3/1/19"
"841",165,24,1,2019,10.5795041584694,"3/1/19"
"842",166,112,1,2019,.,"3/1/19"
"843",167,7,1,2019,15.1030028319261,"3/1/19"
"844",168,67,1,2019,15.1030028319261,"3/1/19"
"845",169,56,1,2019,.,"3/1/19"
"846",170,153,2,2019,.,"3/1/19"
"847",171,165,2,2019,.,"3/1/19"
"848",172,19,2,2019,.,"3/1/19"
"849",173,124,2,2019,.,"3/1/19"
"850",174,150,2,2019,32.0906891827131,"3/1/19"
"851",175,158,2,2019,19.4117765350423,"3/1/19"
"852",176,112,2,2019,.,"3/1/19"
"853",177,2,2,2019,27.5994523337399,"3/1/19"
"854",178,41,2,2019,15.1030028319261,"3/1/19"
"855",179,142,2,2019,19.4117765350423,"3/1/19"
"856",180,144,2,2019,.,"3/1/19"
"857",181,42,2,2019,.,"3/1/19"
"858",182,61,2,2019,.,"3/1/19"
"859",183,98,2,2019,.,"3/1/19"
"860",184,15,2,2019,15.1030028319261,"3/1/19"
"861",185,117,2,2019,.,"3/1/19"
"862",186,72,2,2019,.,"3/1/19"
"863",187,168,2,2019,.,"3/1/19"
"864",188,151,2,2019,13.195675899667,"3/1/19"
"865",189,160,2,2019,10.5795041584694,"3/1/19"
"866",190,70,2,2019,.,"3/1/19"
"867",191,17,2,2019,.,"3/1/19"
"868",192,107,2,2019,.,"3/1/19"
"869",193,140,2,2019,.,"3/1/19"
"870",194,115,2,2019,15.1030028319261,"3/1/19"
"871",195,118,2,2019,.,"3/1/19"
"872",196,40,2,2019,.,"3/1/19"
"873",197,73,2,2019,.,"3/1/19"
"874",198,63,2,2019,.,"3/1/19"
"875",199,149,2,2019,.,"3/1/19"
"876",200,152,2,2019,19.4117765350423,"3/1/19"
"877",201,55,2,2019,.,"3/1/19"
"878",202,91,2,2019,19.4117765350423,"3/1/19"
"879",203,50,2,2019,.,"3/1/19"
"880",204,130,2,2019,19.4117765350423,"3/1/19"
"881",205,20,2,2019,.,"3/1/19"
"882",206,25,2,2019,.,"3/1/19"
"883",207,111,2,2019,.,"3/1/19"
"884",208,105,2,2019,.,"3/1/19"
"885",209,4,2,2019,.,"3/1/19"
"886",210,16,2,2019,19.4117765350423,"3/1/19"
"887",211,147,2,2019,19.4117765350423,"3/1/19"
"888",212,141,2,2019,.,"3/1/19"
"889",213,121,2,2019,.,"3/1/19"
"890",214,68,2,2019,19.4117765350423,"3/1/19"
"891",215,71,2,2019,.,"3/1/19"
"892",216,48,2,2019,.,"3/1/19"
"893",217,92,2,2019,25.883795757944,"3/1/19"
"894",218,116,2,2019,.,"3/1/19"
"895",219,163,2,2019,.,"3/1/19"
"896",220,7,2,2019,15.1030028319261,"3/1/19"
"897",221,22,2,2019,10.5795041584694,"3/1/19"
"898",222,13,2,2019,19.4117765350423,"3/1/19"
"899",223,96,2,2019,27.5994523337399,"3/1/19"
"900",224,82,2,2019,0,"3/1/19"
"901",225,154,2,2019,.,"3/1/19"
"902",226,133,2,2019,10.5795041584694,"3/1/19"
"903",227,76,2,2019,32.0906891827131,"3/1/19"
"904",228,47,2,2019,19.4117765350423,"3/1/19"
"905",229,156,2,2019,19.4117765350423,"3/1/19"
"906",230,120,2,2019,.,"3/1/19"
"907",231,67,2,2019,15.1030028319261,"3/1/19"
"908",232,38,2,2019,19.4117765350423,"3/1/19"
"909",233,28,2,2019,19.4117765350423,"3/1/19"
"910",234,94,2,2019,10.5795041584694,"3/1/19"
"911",235,46,2,2019,19.4117765350423,"3/1/19"
"912",236,169,2,2019,15.1030028319261,"3/1/19"
"913",237,85,2,2019,.,"3/1/19"
"914",238,155,2,2019,15.1030028319261,"3/1/19"
"915",239,21,2,2019,.,"3/1/19"
"916",240,129,2,2019,32.0906891827131,"3/1/19"
"917",241,69,2,2019,10.5795041584694,"3/1/19"
"918",242,35,2,2019,.,"3/1/19"
"919",243,143,2,2019,.,"3/1/19"
"920",244,159,2,2019,19.4117765350423,"3/1/19"
"921",245,114,2,2019,.,"3/1/19"
"922",246,119,2,2019,10.5795041584694,"3/1/19"
"923",247,1,2,2019,19.4117765350423,"3/1/19"
"924",248,29,2,2019,.,"3/1/19"
"925",249,100,2,2019,.,"3/1/19"
"926",250,134,2,2019,10.5795041584694,"3/1/19"
"927",251,75,2,2019,.,"3/1/19"
"928",252,113,2,2019,.,"3/1/19"
"929",253,157,2,2019,0,"3/1/19"
"930",254,23,2,2019,.,"3/1/19"
"931",255,8,2,2019,.,"3/1/19"
"932",256,34,2,2019,.,"3/1/19"
"933",257,43,2,2019,25.883795757944,"3/1/19"
"934",258,132,2,2019,10.5795041584694,"3/1/19"
"935",259,37,2,2019,.,"3/1/19"
"936",260,135,2,2019,.,"3/1/19"
"937",261,166,2,2019,19.4117765350423,"3/1/19"
"938",262,83,2,2019,.,"3/1/19"
"939",263,167,2,2019,.,"3/1/19"
"940",264,80,2,2019,.,"3/1/19"
"941",265,18,2,2019,32.0906891827131,"3/1/19"
"942",266,12,2,2019,.,"3/1/19"
"943",267,97,2,2019,10.5795041584694,"3/1/19"
"944",268,110,2,2019,.,"3/1/19"
"945",269,90,2,2019,15.1030028319261,"3/1/19"
"946",270,14,2,2019,10.5795041584694,"3/1/19"
"947",271,99,2,2019,.,"3/1/19"
"948",272,64,2,2019,32.0906891827131,"3/1/19"
"949",273,86,2,2019,25.883795757944,"3/1/19"
"950",274,161,2,2019,.,"3/1/19"
"951",275,24,2,2019,10.5795041584694,"3/1/19"
"952",276,5,2,2019,.,"3/1/19"
"953",277,9,2,2019,19.4117765350423,"3/1/19"
"954",278,139,2,2019,10.5795041584694,"3/1/19"
"955",279,162,2,2019,.,"3/1/19"
"956",280,45,2,2019,.,"3/1/19"
"957",281,10,2,2019,27.5994523337399,"3/1/19"
"958",282,33,2,2019,.,"3/1/19"
"959",283,52,2,2019,.,"3/1/19"
"960",284,32,2,2019,19.4117765350423,"3/1/19"
"961",285,58,2,2019,.,"3/1/19"
"962",286,123,2,2019,.,"3/1/19"
"963",287,60,2,2019,.,"3/1/19"
"964",288,39,2,2019,10.5795041584694,"3/1/19"
"965",289,79,2,2019,19.4117765350423,"3/1/19"
"966",290,27,2,2019,.,"3/1/19"
"967",291,128,2,2019,27.5994523337399,"3/1/19"
"968",292,31,2,2019,19.4117765350423,"3/1/19"
"969",293,36,2,2019,15.1030028319261,"3/1/19"
"970",294,78,2,2019,19.4117765350423,"3/1/19"
"971",295,51,2,2019,.,"3/1/19"
"972",296,84,2,2019,25.883795757944,"3/1/19"
"973",297,106,2,2019,.,"3/1/19"
"974",298,66,2,2019,.,"3/1/19"
"975",299,131,2,2019,19.4117765350423,"3/1/19"
"976",300,164,2,2019,.,"3/1/19"
"977",301,125,2,2019,.,"3/1/19"
"978",302,3,2,2019,.,"3/1/19"
"979",303,65,2,2019,19.4117765350423,"3/1/19"
"980",304,122,2,2019,.,"3/1/19"
"981",305,89,2,2019,.,"3/1/19"
"982",306,148,2,2019,32.0906891827131,"3/1/19"
"983",307,53,2,2019,.,"3/1/19"
"984",308,81,2,2019,.,"3/1/19"
"985",309,54,2,2019,10.5795041584694,"3/1/19"
"986",310,145,2,2019,.,"3/1/19"
"987",311,30,2,2019,.,"3/1/19"
"988",312,127,2,2019,19.4117765350423,"3/1/19"
"989",313,146,2,2019,19.4117765350423,"3/1/19"
"990",314,126,2,2019,19.4117765350423,"3/1/19"
"991",315,77,2,2019,25.883795757944,"3/1/19"
"992",316,87,2,2019,25.883795757944,"3/1/19"
"993",317,44,2,2019,.,"3/1/19"
"994",318,102,2,2019,.,"3/1/19"
"995",319,56,2,2019,32.0906891827131,"3/1/19"
"996",320,49,2,2019,10.5795041584694,"3/1/19"
"997",321,136,2,2019,19.4117765350423,"3/1/19"
"998",322,59,2,2019,19.4117765350423,"3/1/19"
"999",323,138,2,2019,19.4117765350423,"3/1/19"
"1000",324,6,2,2019,.,"3/1/19"
"1001",325,109,2,2019,.,"3/1/19"
"1002",326,93,2,2019,.,"3/1/19"
"1003",327,137,2,2019,19.4117765350423,"3/1/19"
"1004",328,11,2,2019,.,"3/1/19"
"1005",329,95,2,2019,25.883795757944,"3/1/19"
"1006",330,88,2,2019,10.5795041584694,"3/1/19"
"1007",331,108,2,2019,.,"3/1/19"
"1008",332,103,2,2019,.,"3/1/19"
"1009",333,57,2,2019,.,"3/1/19"
"1010",334,101,2,2019,10.5795041584694,"3/1/19"
"1011",335,74,2,2019,.,"3/1/19"
"1012",336,62,2,2019,19.4117765350423,"3/1/19"
"1013",337,104,2,2019,.,"3/1/19"
"1014",338,26,2,2019,.,"3/1/19"
"1015",339,43,3,2019,25.883795757944,"3/1/19"
"1016",340,48,3,2019,.,"3/1/19"
"1017",341,130,3,2019,19.4117765350423,"3/1/19"
"1018",342,164,3,2019,.,"3/1/19"
"1019",343,90,3,2019,19.4117765350423,"3/1/19"
"1020",344,84,3,2019,25.883795757944,"3/1/19"
"1021",345,5,3,2019,.,"3/1/19"
"1022",346,83,3,2019,10.5795041584694,"3/1/19"
"1023",347,11,3,2019,.,"3/1/19"
"1024",348,21,3,2019,.,"3/1/19"
"1025",349,24,3,2019,10.5795041584694,"3/1/19"
"1026",350,151,3,2019,25.883795757944,"3/1/19"
"1027",351,22,3,2019,10.5795041584694,"3/1/19"
"1028",352,73,3,2019,.,"3/1/19"
"1029",353,36,3,2019,19.4117765350423,"3/1/19"
"1030",354,95,3,2019,25.883795757944,"3/1/19"
"1031",355,29,3,2019,32.0906891827131,"3/1/19"
"1032",356,144,3,2019,.,"3/1/19"
"1033",357,78,3,2019,25.883795757944,"3/1/19"
"1034",358,6,3,2019,0,"3/1/19"
"1035",359,150,3,2019,32.0906891827131,"3/1/19"
"1036",360,53,3,2019,.,"3/1/19"
"1037",361,96,3,2019,.,"3/1/19"
"1038",362,137,3,2019,25.883795757944,"3/1/19"
"1039",363,162,3,2019,.,"3/1/19"
"1040",364,12,3,2019,38.6361294845186,"3/1/19"
"1041",365,145,3,2019,.,"3/1/19"
"1042",366,155,3,2019,15.1030028319261,"3/1/19"
"1043",367,17,3,2019,10.5795041584694,"3/1/19"
"1044",368,107,3,2019,.,"3/1/19"
"1045",369,106,3,2019,.,"3/1/19"
"1046",370,87,3,2019,25.883795757944,"3/1/19"
"1047",371,82,3,2019,0,"3/1/19"
"1048",372,45,3,2019,.,"3/1/19"
"1049",373,2,3,2019,25.883795757944,"3/1/19"
"1050",374,113,3,2019,.,"3/1/19"
"1051",375,116,3,2019,.,"3/1/19"
"1052",376,132,3,2019,.,"3/1/19"
"1053",377,77,3,2019,25.883795757944,"3/1/19"
"1054",378,154,3,2019,.,"3/1/19"
"1055",379,30,3,2019,.,"3/1/19"
"1056",380,64,3,2019,32.0906891827131,"3/1/19"
"1057",381,115,3,2019,15.1030028319261,"3/1/19"
"1058",382,20,3,2019,.,"3/1/19"
"1059",383,103,3,2019,.,"3/1/19"
"1060",384,86,3,2019,25.883795757944,"3/1/19"
"1061",385,138,3,2019,10.5795041584694,"3/1/19"
"1062",386,32,3,2019,19.4117765350423,"3/1/19"
"1063",387,76,3,2019,27.5994523337399,"3/1/19"
"1064",388,124,3,2019,.,"3/1/19"
"1065",389,31,3,2019,15.1030028319261,"3/1/19"
"1066",390,123,3,2019,.,"3/1/19"
"1067",391,3,3,2019,19.4117765350423,"3/1/19"
"1068",392,165,3,2019,32.0906891827131,"3/1/19"
"1069",393,110,3,2019,.,"3/1/19"
"1070",394,129,3,2019,32.0906891827131,"3/1/19"
"1071",395,57,3,2019,.,"3/1/19"
"1072",396,23,3,2019,35.3892975932314,"3/1/19"
"1073",397,168,3,2019,.,"3/1/19"
"1074",398,92,3,2019,.,"3/1/19"
"1075",399,139,3,2019,10.5795041584694,"3/1/19"
"1076",400,55,3,2019,.,"3/1/19"
"1077",401,169,3,2019,25.883795757944,"3/1/19"
"1078",402,40,3,2019,.,"3/1/19"
"1079",403,127,3,2019,19.4117765350423,"3/1/19"
"1080",404,148,3,2019,.,"3/1/19"
"1081",405,104,3,2019,.,"3/1/19"
"1082",406,166,3,2019,27.5994523337399,"3/1/19"
"1083",407,79,3,2019,0,"3/1/19"
"1084",408,111,3,2019,.,"3/1/19"
"1085",409,122,3,2019,.,"3/1/19"
"1086",410,149,3,2019,19.4117765350423,"3/1/19"
"1087",411,47,3,2019,25.883795757944,"3/1/19"
"1088",412,49,3,2019,.,"3/1/19"
"1089",413,147,3,2019,25.883795757944,"3/1/19"
"1090",414,56,3,2019,32.0906891827131,"3/1/19"
"1091",415,72,3,2019,19.4117765350423,"3/1/19"
"1092",416,33,3,2019,19.4117765350423,"3/1/19"
"1093",417,152,3,2019,.,"3/1/19"
"1094",418,9,3,2019,19.4117765350423,"3/1/19"
"1095",419,16,3,2019,.,"3/1/19"
"1096",420,65,3,2019,19.4117765350423,"3/1/19"
"1097",421,126,3,2019,19.4117765350423,"3/1/19"
"1098",422,99,3,2019,.,"3/1/19"
"1099",423,93,3,2019,.,"3/1/19"
"1100",424,140,3,2019,.,"3/1/19"
"1101",425,66,3,2019,25.883795757944,"3/1/19"
"1102",426,70,3,2019,.,"3/1/19"
"1103",427,88,3,2019,19.4117765350423,"3/1/19"
"1104",428,46,3,2019,15.1030028319261,"3/1/19"
"1105",429,27,3,2019,19.4117765350423,"3/1/19"
"1106",430,63,3,2019,.,"3/1/19"
"1107",431,7,3,2019,15.1030028319261,"3/1/19"
"1108",432,109,3,2019,.,"3/1/19"
"1109",433,161,3,2019,0,"3/1/19"
"1110",434,35,3,2019,.,"3/1/19"
"1111",435,156,3,2019,19.4117765350423,"3/1/19"
"1112",436,119,3,2019,25.883795757944,"3/1/19"
"1113",437,28,3,2019,19.4117765350423,"3/1/19"
"1114",438,52,3,2019,.,"3/1/19"
"1115",439,131,3,2019,19.4117765350423,"3/1/19"
"1116",440,61,3,2019,.,"3/1/19"
"1117",441,37,3,2019,19.4117765350423,"3/1/19"
"1118",442,101,3,2019,10.5795041584694,"3/1/19"
"1119",443,98,3,2019,.,"3/1/19"
"1120",444,69,3,2019,.,"3/1/19"
"1121",445,167,3,2019,0,"3/1/19"
"1122",446,159,3,2019,25.883795757944,"3/1/19"
"1123",447,163,3,2019,.,"3/1/19"
"1124",448,125,3,2019,.,"3/1/19"
"1125",449,133,3,2019,25.883795757944,"3/1/19"
"1126",450,81,3,2019,.,"3/1/19"
"1127",451,146,3,2019,19.4117765350423,"3/1/19"
"1128",452,75,3,2019,.,"3/1/19"
"1129",453,128,3,2019,27.5994523337399,"3/1/19"
"1130",454,67,3,2019,19.4117765350423,"3/1/19"
"1131",455,142,3,2019,19.4117765350423,"3/1/19"
"1132",456,141,3,2019,19.4117765350423,"3/1/19"
"1133",457,19,3,2019,.,"3/1/19"
"1134",458,97,3,2019,.,"3/1/19"
"1135",459,160,3,2019,25.883795757944,"3/1/19"
"1136",460,8,3,2019,.,"3/1/19"
"1137",461,102,3,2019,10.5795041584694,"3/1/19"
"1138",462,89,3,2019,.,"3/1/19"
"1139",463,94,3,2019,10.5795041584694,"3/1/19"
"1140",464,42,3,2019,27.5994523337399,"3/1/19"
"1141",465,68,3,2019,19.4117765350423,"3/1/19"
"1142",466,85,3,2019,0,"3/1/19"
"1143",467,14,3,2019,19.4117765350423,"3/1/19"
"1144",468,108,3,2019,.,"3/1/19"
"1145",469,134,3,2019,15.1030028319261,"3/1/19"
"1146",470,58,3,2019,.,"3/1/19"
"1147",471,80,3,2019,19.4117765350423,"3/1/19"
"1148",472,74,3,2019,19.4117765350423,"3/1/19"
"1149",473,91,3,2019,19.4117765350423,"3/1/19"
"1150",474,112,3,2019,.,"3/1/19"
"1151",475,143,3,2019,.,"3/1/19"
"1152",476,39,3,2019,10.5795041584694,"3/1/19"
"1153",477,59,3,2019,19.4117765350423,"3/1/19"
"1154",478,13,3,2019,19.4117765350423,"3/1/19"
"1155",479,136,3,2019,19.4117765350423,"3/1/19"
"1156",480,25,3,2019,.,"3/1/19"
"1157",481,135,3,2019,.,"3/1/19"
"1158",482,71,3,2019,10.5795041584694,"3/1/19"
"1159",483,62,3,2019,.,"3/1/19"
"1160",484,117,3,2019,.,"3/1/19"
"1161",485,15,3,2019,25.883795757944,"3/1/19"
"1162",486,34,3,2019,.,"3/1/19"
"1163",487,26,3,2019,.,"3/1/19"
"1164",488,38,3,2019,19.4117765350423,"3/1/19"
"1165",489,54,3,2019,19.4117765350423,"3/1/19"
"1166",490,114,3,2019,.,"3/1/19"
"1167",491,157,3,2019,0,"3/1/19"
"1168",492,41,3,2019,19.4117765350423,"3/1/19"
"1169",493,50,3,2019,25.883795757944,"3/1/19"
"1170",494,18,3,2019,25.883795757944,"3/1/19"
"1171",495,51,3,2019,.,"3/1/19"
"1172",496,121,3,2019,.,"3/1/19"
"1173",497,153,3,2019,19.4117765350423,"3/1/19"
"1174",498,4,3,2019,19.4117765350423,"3/1/19"
"1175",499,105,3,2019,25.883795757944,"3/1/19"
"1176",500,100,3,2019,.,"3/1/19"
"1177",501,10,3,2019,32.0906891827131,"3/1/19"
"1178",502,60,3,2019,.,"3/1/19"
"1179",503,1,3,2019,19.4117765350423,"3/1/19"
"1180",504,118,3,2019,.,"3/1/19"
"1181",505,44,3,2019,.,"3/1/19"
"1182",506,158,3,2019,19.4117765350423,"3/1/19"
"1183",507,120,3,2019,19.4117765350423,"3/1/19"
"1184",508,51,4,2019,.,"3/1/19"
"1185",509,146,4,2019,19.4117765350423,"3/1/19"
"1186",510,107,4,2019,.,"3/1/19"
"1187",511,166,4,2019,.,"3/1/19"
"1188",512,85,4,2019,.,"3/1/19"
"1189",513,156,4,2019,19.4117765350423,"3/1/19"
"1190",514,57,4,2019,.,"3/1/19"
"1191",515,123,4,2019,.,"3/1/19"
"1192",516,53,4,2019,.,"3/1/19"
"1193",517,34,4,2019,.,"3/1/19"
"1194",518,7,4,2019,15.1030028319261,"3/1/19"
"1195",519,152,4,2019,25.883795757944,"3/1/19"
"1196",520,14,4,2019,10.5795041584694,"3/1/19"
"1197",521,153,4,2019,27.5994523337399,"3/1/19"
"1198",522,99,4,2019,.,"3/1/19"
"1199",523,45,4,2019,.,"3/1/19"
"1200",524,157,4,2019,0,"3/1/19"
"1201",525,141,4,2019,25.883795757944,"3/1/19"
"1202",526,40,4,2019,.,"3/1/19"
"1203",527,108,4,2019,.,"3/1/19"
"1204",528,13,4,2019,19.4117765350423,"3/1/19"
"1205",529,138,4,2019,10.5795041584694,"3/1/19"
"1206",530,131,4,2019,10.5795041584694,"3/1/19"
"1207",531,66,4,2019,.,"3/1/19"
"1208",532,21,4,2019,.,"3/1/19"
"1209",533,148,4,2019,32.0906891827131,"3/1/19"
"1210",534,163,4,2019,32.0906891827131,"3/1/19"
"1211",535,93,4,2019,.,"3/1/19"
"1212",536,1,4,2019,10.5795041584694,"3/1/19"
"1213",537,15,4,2019,25.883795757944,"3/1/19"
"1214",538,76,4,2019,27.5994523337399,"3/1/19"
"1215",539,165,4,2019,32.0906891827131,"3/1/19"
"1216",540,135,4,2019,10.5795041584694,"3/1/19"
"1217",541,12,4,2019,.,"3/1/19"
"1218",542,126,4,2019,19.4117765350423,"3/1/19"
"1219",543,122,4,2019,.,"3/1/19"
"1220",544,52,4,2019,10.5795041584694,"3/1/19"
"1221",545,39,4,2019,10.5795041584694,"3/1/19"
"1222",546,8,4,2019,.,"3/1/19"
"1223",547,70,4,2019,32.0906891827131,"3/1/19"
"1224",548,28,4,2019,19.4117765350423,"3/1/19"
"1225",549,164,4,2019,32.0906891827131,"3/1/19"
"1226",550,5,4,2019,.,"3/1/19"
"1227",551,6,4,2019,0,"3/1/19"
"1228",552,23,4,2019,27.5994523337399,"3/1/19"
"1229",553,26,4,2019,.,"3/1/19"
"1230",554,58,4,2019,15.1030028319261,"3/1/19"
"1231",555,159,4,2019,19.4117765350423,"3/1/19"
"1232",556,167,4,2019,19.4117765350423,"3/1/19"
"1233",557,105,4,2019,19.4117765350423,"3/1/19"
"1234",558,42,4,2019,27.5994523337399,"3/1/19"
"1235",559,79,4,2019,0,"3/1/19"
"1236",560,143,4,2019,.,"3/1/19"
"1237",561,65,4,2019,19.4117765350423,"3/1/19"
"1238",562,11,4,2019,.,"3/1/19"
"1239",563,18,4,2019,25.883795757944,"3/1/19"
"1240",564,161,4,2019,0,"3/1/19"
"1241",565,149,4,2019,.,"3/1/19"
"1242",566,75,4,2019,3.44420606018685,"3/1/19"
"1243",567,125,4,2019,.,"3/1/19"
"1244",568,106,4,2019,.,"3/1/19"
"1245",569,115,4,2019,19.4117765350423,"3/1/19"
"1246",570,136,4,2019,19.4117765350423,"3/1/19"
"1247",571,19,4,2019,19.4117765350423,"3/1/19"
"1248",572,121,4,2019,10.5795041584694,"3/1/19"
"1249",573,113,4,2019,.,"3/1/19"
"1250",574,9,4,2019,19.4117765350423,"3/1/19"
"1251",575,22,4,2019,10.5795041584694,"3/1/19"
"1252",576,168,4,2019,38.6361294845186,"3/1/19"
"1253",577,145,4,2019,.,"3/1/19"
"1254",578,55,4,2019,.,"3/1/19"
"1255",579,67,4,2019,15.1030028319261,"3/1/19"
"1256",580,97,4,2019,15.1030028319261,"3/1/19"
"1257",581,73,4,2019,19.4117765350423,"3/1/19"
"1258",582,41,4,2019,15.1030028319261,"3/1/19"
"1259",583,59,4,2019,.,"3/1/19"
"1260",584,101,4,2019,10.5795041584694,"3/1/19"
"1261",585,31,4,2019,15.1030028319261,"3/1/19"
"1262",586,71,4,2019,10.5795041584694,"3/1/19"
"1263",587,80,4,2019,.,"3/1/19"
"1264",588,62,4,2019,27.5994523337399,"3/1/19"
"1265",589,94,4,2019,10.5795041584694,"3/1/19"
"1266",590,130,4,2019,25.883795757944,"3/1/19"
"1267",591,118,4,2019,15.1030028319261,"3/1/19"
"1268",592,103,4,2019,15.1030028319261,"3/1/19"
"1269",593,158,4,2019,19.4117765350423,"3/1/19"
"1270",594,129,4,2019,32.0906891827131,"3/1/19"
"1271",595,33,4,2019,19.4117765350423,"3/1/19"
"1272",596,77,4,2019,25.883795757944,"3/1/19"
"1273",597,81,4,2019,.,"3/1/19"
"1274",598,78,4,2019,19.4117765350423,"3/1/19"
"1275",599,154,4,2019,27.5994523337399,"3/1/19"
"1276",600,48,4,2019,25.883795757944,"3/1/19"
"1277",601,72,4,2019,19.4117765350423,"3/1/19"
"1278",602,139,4,2019,19.4117765350423,"3/1/19"
"1279",603,69,4,2019,10.5795041584694,"3/1/19"
"1280",604,100,4,2019,10.5795041584694,"3/1/19"
"1281",605,127,4,2019,19.4117765350423,"3/1/19"
"1282",606,137,4,2019,25.883795757944,"3/1/19"
"1283",607,20,4,2019,.,"3/1/19"
"1284",608,112,4,2019,.,"3/1/19"
"1285",609,27,4,2019,.,"3/1/19"
"1286",610,82,4,2019,0,"3/1/19"
"1287",611,102,4,2019,.,"3/1/19"
"1288",612,114,4,2019,.,"3/1/19"
"1289",613,160,4,2019,10.5795041584694,"3/1/19"
"1290",614,111,4,2019,.,"3/1/19"
"1291",615,60,4,2019,25.883795757944,"3/1/19"
"1292",616,74,4,2019,19.4117765350423,"3/1/19"
"1293",617,109,4,2019,.,"3/1/19"
"1294",618,43,4,2019,25.883795757944,"3/1/19"
"1295",619,86,4,2019,19.4117765350423,"3/1/19"
"1296",620,144,4,2019,.,"3/1/19"
"1297",621,35,4,2019,.,"3/1/19"
"1298",622,116,4,2019,.,"3/1/19"
"1299",623,3,4,2019,.,"3/1/19"
"1300",624,47,4,2019,10.5795041584694,"3/1/19"
"1301",625,63,4,2019,15.1030028319261,"3/1/19"
"1302",626,134,4,2019,15.1030028319261,"3/1/19"
"1303",627,124,4,2019,.,"3/1/19"
"1304",628,54,4,2019,15.1030028319261,"3/1/19"
"1305",629,46,4,2019,15.1030028319261,"3/1/19"
"1306",630,98,4,2019,.,"3/1/19"
"1307",631,87,4,2019,19.4117765350423,"3/1/19"
"1308",632,120,4,2019,.,"3/1/19"
"1309",633,4,4,2019,.,"3/1/19"
"1310",634,90,4,2019,25.883795757944,"3/1/19"
"1311",635,92,4,2019,25.883795757944,"3/1/19"
"1312",636,32,4,2019,19.4117765350423,"3/1/19"
"1313",637,95,4,2019,25.883795757944,"3/1/19"
"1314",638,24,4,2019,10.5795041584694,"3/1/19"
"1315",639,50,4,2019,32.0906891827131,"3/1/19"
"1316",640,44,4,2019,32.0906891827131,"3/1/19"
"1317",641,117,4,2019,.,"3/1/19"
"1318",642,56,4,2019,.,"3/1/19"
"1319",643,64,4,2019,32.0906891827131,"3/1/19"
"1320",644,132,4,2019,15.1030028319261,"3/1/19"
"1321",645,128,4,2019,.,"3/1/19"
"1322",646,169,4,2019,27.5994523337399,"3/1/19"
"1323",647,104,4,2019,.,"3/1/19"
"1324",648,61,4,2019,.,"3/1/19"
"1325",649,96,4,2019,.,"3/1/19"
"1326",650,16,4,2019,27.5994523337399,"3/1/19"
"1327",651,147,4,2019,19.4117765350423,"3/1/19"
"1328",652,17,4,2019,25.883795757944,"3/1/19"
"1329",653,91,4,2019,19.4117765350423,"3/1/19"
"1330",654,119,4,2019,15.1030028319261,"3/1/19"
"1331",655,133,4,2019,15.1030028319261,"3/1/19"
"1332",656,151,4,2019,.,"3/1/19"
"1333",657,110,4,2019,32.0906891827131,"3/1/19"
"1334",658,89,4,2019,.,"3/1/19"
"1335",659,88,4,2019,.,"3/1/19"
"1336",660,36,4,2019,19.4117765350423,"3/1/19"
"1337",661,10,4,2019,32.0906891827131,"3/1/19"
"1338",662,29,4,2019,32.0906891827131,"3/1/19"
"1339",663,2,4,2019,.,"3/1/19"
"1340",664,37,4,2019,32.0906891827131,"3/1/19"
"1341",665,25,4,2019,.,"3/1/19"
"1342",666,68,4,2019,19.4117765350423,"3/1/19"
"1343",667,38,4,2019,25.883795757944,"3/1/19"
"1344",668,142,4,2019,19.4117765350423,"3/1/19"
"1345",669,140,4,2019,.,"3/1/19"
"1346",670,30,4,2019,.,"3/1/19"
"1347",671,84,4,2019,27.5994523337399,"3/1/19"
"1348",672,155,4,2019,.,"3/1/19"
"1349",673,49,4,2019,10.5795041584694,"3/1/19"
"1350",674,162,4,2019,.,"3/1/19"
"1351",675,150,4,2019,32.0906891827131,"3/1/19"
"1352",676,83,4,2019,10.5795041584694,"3/1/19"
